,Ret_1,Ret_5,Ret_21,Ret_63,Ret_126,Ret_252,Ret21_Z,SMA20_Ratio,SMA50_Ratio,SMA200_Ratio,SMA50_200_Ratio,MACD_Ratio,MACD_Hist_Ratio,RSI,Stoch_K,BB_PctB,High252_Dist,Low252_Dist,Volatility,Vol_60,Vol_Ratio,ATR_Ratio,Volume_Ratio,Mkt_Ret_21,Mkt_Ret_63,Mkt_SMA200_Ratio,Mkt_Vol_20,Rel_Ret_21,Rel_Ret_63,nifty_return_1,nifty_return_5,nifty_return_20,nifty_volatility_20,nifty_momentum,nifty_sma_ratio,nifty_sma200_ratio,nifty_trend_direction,sector_return_1,sector_return_5,sector_return_20,sector_momentum,sector_volatility,sector_sma_ratio,india_vix,india_vix_change,india_vix_return,india_vix_volatility,usdinr_return_1,usdinr_return_5,usdinr_return_20,usdinr_volatility,stock_vs_nifty_return,stock_vs_sector_return,stock_nifty_relative_strength,stock_sector_relative_strength,daily_RSI,daily_volatility,daily_return,daily_volume_change,daily_price_vs_EMA,daily_MACD_norm,daily_MACD_signal_norm,daily_MACD_hist_norm,daily_ATR_pct,daily_EMA_fast_vs_slow,daily_momentum,daily_momentum_z,daily_trend_direction,daily_rsi_regime
Ret_1,1.0,0.39726791738518485,0.1846832123665819,0.1048931909214413,0.072146305842044,0.051107510383890185,0.19449084976008488,0.3255988920548743,0.20105500388597483,0.10259892731983727,0.00975373415858262,0.05413417011699573,0.1579388252539425,0.32029910757436836,0.4418321670625344,0.3928633762264194,0.12641516460344338,0.09052679841071795,0.006713384805627872,0.004585870538773432,0.0013052164920719469,-0.0481907682387134,0.055117110171159465,0.09346402418078405,0.04582554985307124,0.04838410766228215,0.008485673465619441,0.16093342363442092,0.09699768885170343,0.4174211009821382,0.18986974365803427,0.09464475488040323,0.008185954616500526,0.09376369565555072,0.101507822878072,0.04845191342252052,0.045882929779206306,0.49520110179819526,0.2211384570465223,0.10543063918410708,0.1077250975057363,0.0035241492090241655,0.11207582364576492,-0.030345789832439417,-0.27331788885532693,-0.272303865154939,-0.01955602328181818,-0.004220873081848384,-0.003744330064495854,-0.006072687531795175,-0.015783107799978643,0.836314964930593,0.7104137560614869,0.16253369535601508,0.14185687062607513,0.32029910757436836,0.006713384805627872,1.0,0.16785709867508763,0.36451166793947937,0.05413417011699573,0.007526061488357077,0.1579388252539425,-0.0481907682387134,0.024230001765014327,0.39726791738518485,0.40008675268513666,0.1946282395302412,0.29377020842299634
Ret_5,0.39726791738518485,1.0,0.43776596224761516,0.23040590961258417,0.16312204680034978,0.11551510944978781,0.4493537347985984,0.71464631815946,0.46202529709287266,0.2322696914800617,0.019910145284408914,0.3027927426153451,0.6386418329692662,0.6614868203956262,0.761041324235038,0.7628557857577369,0.25220795196370466,0.20402233148451016,0.030965575489612627,0.02830349976139271,0.006464194529101723,-0.07430434809697473,0.19623293821279,0.22644466822352952,0.10549581248378992,0.11449712509649135,-0.009831533019627354,0.3806473703535082,0.2116010976633414,0.1859576007845047,0.46360484562029997,0.22874427468458078,-0.010179413727391892,0.22467972279352594,0.2395709308749327,0.11417996957643488,0.11245715407549245,0.24056611874072598,0.5625042961388317,0.27294774734540284,0.27529147559225176,-0.014777674905971627,0.27930509778355495,-0.053597535048506534,-0.07189077187611467,-0.0734593687971322,-0.07467202036225087,-0.06657876441645584,-0.1314301111949643,-0.07207012669984214,-0.04105031333622725,0.3322773662958403,0.26614048274900953,0.3898261951287876,0.32098161857954316,0.6614868203956262,0.030965575489612627,0.39726791738518485,0.13653357303164368,0.735563316678912,0.3027927426153451,0.12279501457400593,0.6386418329692662,-0.07430434809697473,0.14568863858625378,1.0,0.9750631835034972,0.44107198054619656,0.6047305588595624
Ret_21,0.1846832123665819,0.43776596224761516,1.0,0.516469573750661,0.3531226424266084,0.24840574531032383,0.9707136539531213,0.8093312151858294,0.8603489572144828,0.47944733820971897,0.11565866198067282,0.8724162879493731,0.48635941609619493,0.862673742943715,0.6111905066205412,0.7387477674662779,0.44752399968240725,0.4080713122973406,0.04853916580075395,0.05010644102009065,-0.012650644156030736,-0.04480085467594472,0.15375848940028788,0.48713121388651426,0.26105581055860316,0.23223382259993391,-0.1292368868478359,0.8561834700403841,0.4528390561007848,0.10476120614266028,0.21992847372005253,0.4757722354718133,-0.12965274202294363,0.4614795787145369,0.4353479571768384,0.2318118246504759,0.2312407700991251,0.12069467301072122,0.2802680965587841,0.5947424222017066,0.580985836316823,-0.11751526312802792,0.5370883459649176,-0.045699163359141516,-0.026012685124787518,-0.023077610878146818,-0.20689055143173604,-0.05864174612895708,-0.12922423658861384,-0.23751399300215592,-0.11342968391810629,0.14739620817819724,0.11825308856639757,0.8289001918440304,0.6478703686589241,0.862673742943715,0.04853916580075395,0.1846832123665819,-0.009509360293908694,0.8381084734550727,0.8724162879493731,0.7496793319173805,0.48635941609619493,-0.04480085467594472,0.6330368424391533,0.43776596224761516,0.4507984753141574,0.74088616164168,0.77079862309189
Ret_63,0.1048931909214413,0.23040590961258417,0.516469573750661,1.0,0.6641019280166465,0.4667162960487813,0.5032699982713709,0.42092555972045137,0.7206644097527533,0.7766585704747578,0.558599009233813,0.7208601745818227,-0.021972378454634362,0.5935463925710426,0.3212875649749213,0.37664722668856204,0.622625441564188,0.631361193095276,0.014944548073335472,0.034820615901767556,-0.020162983807301908,-0.013606224147012807,-0.011359914118017187,0.23068143743686897,0.5096770970881758,0.3941036092902668,-0.13394411840720122,0.45773086636777743,0.8481278745594389,0.04670479783283105,0.09192940899687523,0.22203721105196508,-0.13413912308739015,0.22952595349209817,0.35148262555780385,0.39440560285878307,0.30595319855727887,0.062333897811092644,0.13078430224632695,0.29832319877452085,0.3019921380905831,-0.1268369823084297,0.4400551566363656,-0.028584545503575184,-0.0011673970370156648,-0.002581216841937958,-0.14281347612145648,-0.0381969596033127,-0.08209459053499905,-0.1337152894378186,-0.21826083277440234,0.08821711966678492,0.07014448069959621,0.444277878814159,0.35273831600972794,0.5935463925710426,0.014944548073335472,0.1048931909214413,-0.04071771813075776,0.5089534113649146,0.7208601745818227,0.7702287414237664,-0.021972378454634362,-0.013606224147012807,0.897297791990253,0.23040590961258417,0.2377619708356963,0.7011518682320582,0.5392038644511086
Ret_126,0.072146305842044,0.16312204680034978,0.3531226424266084,0.6641019280166465,1.0,0.7011084880419284,0.34851383817088055,0.2894907460856835,0.4902083121664017,0.9278877695543323,0.8830422125696558,0.49726130507773175,-0.024881102839331603,0.41339128991442076,0.23341035695301518,0.25714822305701773,0.717108571150708,0.7506184753278627,0.0073430114879515585,-0.0005262777821532054,0.01920853737176528,-0.010961876168409292,-0.038607672668358135,0.1101701784179803,0.294387428167605,0.4803425911104747,-0.08891155393134918,0.33645221728723523,0.6042530859663757,0.02647468588623132,0.040906598104414396,0.10479549096640126,-0.08921042521024454,0.11751972620152182,0.17913895985319128,0.48008205958889993,0.3219202565904536,0.03815639897380973,0.08308024112233611,0.18524350712728352,0.1962157168036775,-0.0959600034916675,0.2775066598536194,-0.05460619574557997,0.011570806256639525,0.006602387480394964,0.015432916182228328,-0.01805086458130751,-0.03500110749524492,-0.07462223915092456,-0.2720695333450813,0.06592334551112726,0.05276675656541307,0.3290577861817874,0.25868549394173557,0.41339128991442076,0.0073430114879515585,0.072146305842044,-0.03190307176957889,0.35056296919898067,0.49726130507773175,0.5359381332471096,-0.024881102839331603,-0.010961876168409292,0.7014897103559026,0.16312204680034978,0.16765007990670203,0.5158199690507399,0.3788804115803431
Ret_252,0.051107510383890185,0.11551510944978781,0.24840574531032383,0.4667162960487813,0.7011084880419284,1.0,0.2509816735401446,0.20127365339000908,0.34401995947709235,0.7693498693660816,0.7781743614705395,0.34935975770976485,-0.02610323415800293,0.2963978868908692,0.17152390803107692,0.18337231898089185,0.6915509742254976,0.7484135876547847,-0.02633553349475576,-0.025690433304096087,-0.003624257146731099,-0.038948908939753016,-0.05409410125662238,0.04665389300490258,0.17288783454246243,0.3777824441827966,-0.134591945919003,0.24870482443322411,0.44223273329617674,0.005336224600331639,0.01567499849758058,0.044045921136279476,-0.13442545134649084,0.08518685489474956,0.10131929337854237,0.378680617488905,0.24839206412079087,0.025083589935281838,0.05419026747052006,0.12497473242693184,0.1495998037072057,-0.11758650891443136,0.19401102563728687,-0.12700301828131727,0.005357978462402929,0.0025103994829586205,0.003062273369174759,-0.007271153671154057,-0.013047286945400107,-0.027762621533165045,-0.3189438985143645,0.05365403439377212,0.04133567953059767,0.24214203632815282,0.17985010158109876,0.2963978868908692,-0.02633553349475576,0.051107510383890185,-0.03162480805440506,0.24704255290497848,0.34935975770976485,0.3789355929395629,-0.02610323415800293,-0.038948908939753016,0.5012081013797659,0.11551510944978781,0.12142754572637018,0.3657987140554445,0.2734779005878417
Ret21_Z,0.19449084976008488,0.4493537347985984,0.9707136539531213,0.5032699982713709,0.34851383817088055,0.2509816735401446,1.0,0.8020917394888473,0.8396163163441515,0.4729728696350504,0.11323538851756343,0.8502208682642565,0.4945807794318384,0.8844763828165647,0.6426269091694422,0.7636007387546273,0.46614931033141743,0.3889045362527375,0.000634478503897651,0.009935576764023402,-0.031139212877083187,-0.08982013639205629,0.14612375210982786,0.48323659203231695,0.2465472168765975,0.2238398011661374,-0.14881639480419215,0.8297670334739301,0.44395838382023084,0.10728362851131683,0.22626929572052049,0.4721006182878203,-0.14916783088261099,0.4697204413809816,0.43147638913712166,0.2233742915615204,0.2290755512452216,0.1253272485271101,0.28771971815056846,0.5880504480527411,0.5899984421024734,-0.14022542754869563,0.5293753730251398,-0.06608643633820625,-0.0226979466818721,-0.020595850778093967,-0.21260166803379826,-0.05325106802696069,-0.12141528365795631,-0.22715976142077052,-0.11938419174590564,0.15459417893350275,0.12270807718277743,0.8023798412287264,0.6235405805056085,0.8844763828165647,0.000634478503897651,0.19449084976008488,-0.0037030813090189836,0.8276663311970038,0.8502208682642565,0.7309245831141242,0.4945807794318384,-0.08982013639205629,0.6190306458901071,0.4493537347985984,0.4777663346406541,0.7550963761114915,0.7946568115223749
SMA20_Ratio,0.3255988920548743,0.71464631815946,0.8093312151858294,0.42092555972045137,0.2894907460856835,0.20127365339000908,0.8020917394888473,1.0,0.776430849617267,0.4047643953804458,0.06398510865892465,0.7069532539891723,0.7889463897818035,0.9268511600458198,0.8840915636621606,0.9478625651593898,0.4046880110288518,0.348843890824391,0.044765968204955875,0.04484627255320049,-0.005631499681880455,-0.07702663132801135,0.20463468652845554,0.3998008377914741,0.19576422319789724,0.18617625235278332,-0.07158748656894752,0.7006097046360932,0.3822891391594476,0.16279183672245,0.3439444674558113,0.4094882809844176,-0.0718820246342547,0.39484876325665247,0.3884632809790212,0.1859412081709207,0.19676651308735052,0.2001475662979452,0.43193157272043153,0.5121172753688253,0.504322218436109,-0.06931792484942183,0.4766489123511537,-0.057215086780333206,-0.05656469198356694,-0.054034576158188435,-0.1602823841592415,-0.07163523303571934,-0.15585073148395384,-0.18131236068286713,-0.08269053757390446,0.2691118761579394,0.21728422154776644,0.7190632737305702,0.5667037091765591,0.9268511600458198,0.044765968204955875,0.3255988920548743,0.07647610558319773,0.975131982484561,0.7069532539891723,0.49261030463565775,0.7889463897818035,-0.07702663132801135,0.43454153807107665,0.71464631815946,0.7161108745715746,0.7189023366342043,0.8249447910000837
SMA50_Ratio,0.20105500388597483,0.46202529709287266,0.8603489572144828,0.7206644097527533,0.4902083121664017,0.34401995947709235,0.8396163163441515,0.776430849617267,1.0,0.6361098991342875,0.2442338105206628,0.9603573777585015,0.3281073013720892,0.9091342607311046,0.6157542434182949,0.7161786189888677,0.5669246981502072,0.5273059811404033,0.030873873252443892,0.04972870144652306,-0.040430610730075395,-0.04690929015951329,0.13247252052825467,0.4261485416871353,0.3702342094761197,0.3108474822589754,-0.1605050248113071,0.7381884269324136,0.6229711354341816,0.10297074234227435,0.21732178929853016,0.41750227073145074,-0.1611034412579935,0.4182419633317772,0.502261815230669,0.3110150284295694,0.2850610233952345,0.1280024176898469,0.286634943028138,0.5278736661883952,0.5227188434614021,-0.14364251114125148,0.6171686650357263,-0.051447323306804994,-0.014660581192390056,-0.014224400760806007,-0.23552362869986865,-0.05630447816088812,-0.11900921088783004,-0.2119086651594818,-0.16473238312500754,0.16491341374284788,0.1307003898957201,0.7270414137421548,0.5657171757905812,0.9091342607311046,0.030873873252443892,0.20105500388597483,-0.004815667223052241,0.8563164803086043,0.9603573777585015,0.8912017033444396,0.3281073013720892,-0.04690929015951329,0.8340948438570304,0.46202529709287266,0.4727907569159604,0.8565367685585199,0.8090800467968015
SMA200_Ratio,0.10259892731983727,0.2322696914800617,0.47944733820971897,0.7766585704747578,0.9278877695543323,0.7693498693660816,0.4729728696350504,0.4047643953804458,0.6361098991342875,1.0,0.8756009824845986,0.6380470330101075,0.02743445440177286,0.5495091567341734,0.3254261809326952,0.3655155688915743,0.8087736085209845,0.8112223671294317,-0.0048487478686324754,-0.004937565911585273,0.002193050479421063,-0.03522600095296543,-0.01413625215144832,0.18825472910810104,0.3445294752646702,0.490109375482432,-0.14190784955648947,0.4378510906372039,0.6986069683760455,0.03903330314749317,0.08246209048130926,0.18248698719920978,-0.14213798149619067,0.19934390391784282,0.26554565907965777,0.4903583809107045,0.3465253369322653,0.05956974317871471,0.13258917901980216,0.274279278085696,0.28510404320951893,-0.13717979889993814,0.3766594958533682,-0.09577330100753498,0.0041700614754295925,-9.900641500297729e-06,-0.04408540395610173,-0.029171651110173516,-0.06388100311843826,-0.11941096685495363,-0.30906629244873396,0.09166912026621268,0.07181534916099701,0.4278926407816127,0.3316001666829097,0.5495091567341734,-0.0048487478686324754,0.10259892731983727,-0.03191103032758159,0.47686062448492106,0.6380470330101075,0.6661641893782874,0.02743445440177286,-0.03522600095296543,0.8177225300634847,0.2322696914800617,0.2393728519265338,0.6421652238068091,0.5004993610814332
SMA50_200_Ratio,0.00975373415858262,0.019910145284408914,0.11565866198067282,0.558599009233813,0.8830422125696558,0.7781743614705395,0.11323538851756343,0.06398510865892465,0.2442338105206628,0.8756009824845986,1.0,0.26472931228389635,-0.17334810549899535,0.17191096770128805,0.05217362945327192,0.05035114403202707,0.6852687690718997,0.7383588547294531,0.0031179389873519443,-0.009079423953904613,0.035446094844608256,0.011864248876968207,-0.08826982796233263,-0.012135976261733801,0.22035497985366376,0.4299468030451711,-0.06551920749857312,0.1359902814468136,0.5262346222046836,-0.009898914138181522,-0.02502111642224827,-0.014099694716436248,-0.06542902256632166,0.003766057734814238,0.048496953786137095,0.43031157833902445,0.26538480256603214,0.001480659266117689,-0.0024856428408443067,0.038545555169240145,0.052366359217465325,-0.06923983348251,0.12271765320218458,-0.06665763051626628,0.0152609174831232,0.00953956552785666,0.08791727106100371,-0.0035494604938527993,-0.009670085336918887,-0.023955949218378864,-0.29070148761179876,0.016740690874406196,0.01143365502425079,0.12935786141422104,0.09643665905521144,0.17191096770128805,0.0031179389873519443,0.00975373415858262,-0.03610532090779049,0.114562201264917,0.26472931228389635,0.33604484917874783,-0.17334810549899535,0.011864248876968207,0.5444255564255395,0.019910145284408914,0.022204397258531662,0.3168449702436576,0.15891224480327767
MACD_Ratio,0.05413417011699573,0.3027927426153451,0.8724162879493731,0.7208601745818227,0.49726130507773175,0.34935975770976485,0.8502208682642565,0.7069532539891723,0.9603573777585015,0.6380470330101075,0.26472931228389635,1.0,0.2850424420491866,0.8410190591923197,0.5024179895783767,0.6214742085805084,0.5607690672245702,0.527000065803695,0.026972821588011273,0.0435131922815793,-0.03568230169939166,-0.03771739820235211,0.10837620506099313,0.42801549438278946,0.37208834177155176,0.3137459567323514,-0.17181789044519777,0.7505859174346848,0.6234133330633677,0.03872056436317231,0.14407328589947527,0.42014311358661527,-0.17229440166537388,0.4206336156036092,0.4820553223110966,0.3138247478918974,0.2860194680203211,0.04695227397602102,0.19879262151866933,0.5378263851251592,0.5318985471640604,-0.15367509785134031,0.5990477794952871,-0.04549793698502437,0.019679856149119865,0.020769938775718328,-0.23399194311645377,-0.04593756592559802,-0.11504637022416285,-0.22892787713121493,-0.168191188080241,0.03854164938953674,0.024593104504580535,0.7385711358137946,0.5699562909115228,0.8410190591923197,0.026972821588011273,0.05413417011699573,-0.05277830409513885,0.7653862052529853,1.0,0.9482423307188632,0.2850424420491866,-0.03771739820235211,0.8683294085941654,0.3027927426153451,0.3152686125249357,0.8266572026982705,0.7507349327816305
MACD_Hist_Ratio,0.1579388252539425,0.6386418329692662,0.48635941609619493,-0.021972378454634362,-0.024881102839331603,-0.02610323415800293,0.4945807794318384,0.7889463897818035,0.3281073013720892,0.02743445440177286,-0.17334810549899535,0.2850424420491866,1.0,0.5903075825261803,0.745867418409496,0.7626974046714666,0.08367218496574855,0.041980628410339095,0.055300303739250226,0.04241415570774003,0.018266247901657626,-0.06011019864717864,0.21249732939622762,0.25543599116206867,-0.03671188234401023,0.00014055226875534183,0.02683381901244346,0.4200029585579313,-0.003800781330045102,0.08427386121474334,0.3210175049999264,0.27176810206639107,0.02688427882631995,0.24908581322077106,0.16849018642431363,-0.0005389470596426015,0.04340273854485113,0.10727367909093204,0.39376824683259026,0.33093771393254856,0.3236839493241383,0.017389688520642953,0.2031136563793229,-0.0364091819614719,-0.03383693643687299,-0.02836496225734027,-0.05585832999431013,-0.056707020528905756,-0.15547077868989978,-0.1103247439726424,0.02552370648851672,0.1258711269442302,0.09738996382749453,0.4494634023763201,0.36094572913131195,0.5903075825261803,0.055300303739250226,0.1579388252539425,0.08301584332265201,0.6800810850311321,0.2850424420491866,0.014749183010552417,1.0,-0.06011019864717864,-0.054181308114599334,0.6386418329692662,0.6371922438187568,0.31234252558270376,0.5366910595939477
RSI,0.32029910757436836,0.6614868203956262,0.862673742943715,0.5935463925710426,0.41339128991442076,0.2963978868908692,0.8844763828165647,0.9268511600458198,0.9091342607311046,0.5495091567341734,0.17191096770128805,0.8410190591923197,0.5903075825261803,1.0,0.8363948415992665,0.9129825963383251,0.5399527319981131,0.4453304968349077,-0.006564447441559625,0.003590448905952702,-0.03134194061455478,-0.11458343834748938,0.16900362748724668,0.4291702297895636,0.288520260079385,0.26221028360897003,-0.13990359063264116,0.7410363312926206,0.5244917594811892,0.15648916849812913,0.3161883156338614,0.4282838592001258,-0.14025258288714684,0.430430424208115,0.4580510348341683,0.26204189498048736,0.2577342118871228,0.1951040878782887,0.4025700408118079,0.5366478960176366,0.5418831697205923,-0.1332595610535211,0.5606016416821251,-0.08502238795060717,-0.042709262143578196,-0.04187586016038465,-0.20559478559121186,-0.06662747934760235,-0.14195077229881184,-0.19855236601139986,-0.139263435676619,0.2644131219565538,0.21106664704294245,0.7420294597672943,0.5796654362449308,1.0,-0.006564447441559625,0.32029910757436836,0.05032078559658858,0.9646840544556664,0.8410190591923197,0.6887142157056101,0.5903075825261803,-0.11458343834748938,0.6422449545450002,0.6614868203956262,0.6878461329045843,0.8437342104760553,0.8950844463261416
Stoch_K,0.4418321670625344,0.761041324235038,0.6111905066205412,0.3212875649749213,0.23341035695301518,0.17152390803107692,0.6426269091694422,0.8840915636621606,0.6157542434182949,0.3254261809326952,0.05217362945327192,0.5024179895783767,0.745867418409496,0.8363948415992665,1.0,0.9175936192851689,0.36408410777929834,0.2663651692721457,0.005575839204851855,0.0004675253298729139,0.0016213776262519563,-0.11734926481817462,0.16309761538635167,0.27983726443862106,0.11791013305441007,0.12813373487383897,-0.034701871823496266,0.546142402153375,0.3094734749650317,0.20513061068238772,0.3564704877635905,0.2862198094299448,-0.034817331496282654,0.28261981661700475,0.2818766824125201,0.12771116435191862,0.1395819224712675,0.2564509393595102,0.44264119157880355,0.36373226557459243,0.3693061278908856,-0.04113459891278351,0.3503379180610521,-0.07143240305117855,-0.08567302268196349,-0.08490121914048637,-0.09407315272383641,-0.06295493339242018,-0.1295178743383032,-0.11009577391187343,-0.07100780361868228,0.3703209428789085,0.3012559336593996,0.5599668241392157,0.4540756497365081,0.8363948415992665,0.005575839204851855,0.4418321670625344,0.11170250459266526,0.8705976299218496,0.5024179895783767,0.2970325086132233,0.745867418409496,-0.11734926481817462,0.2823493037198909,0.761041324235038,0.7830753611988529,0.6163256918270852,0.7447146465907025
BB_PctB,0.3928633762264194,0.7628557857577369,0.7387477674662779,0.37664722668856204,0.25714822305701773,0.18337231898089185,0.7636007387546273,0.9478625651593898,0.7161786189888677,0.3655155688915743,0.05035114403202707,0.6214742085805084,0.7626974046714666,0.9129825963383251,0.9175936192851689,1.0,0.3891351742516452,0.3048719121151606,0.01577497035779807,0.018022446447585213,-0.010920903379247277,-0.10737885883942556,0.20080505622847702,0.36719457617161766,0.172234861612297,0.17024657968541398,-0.07030510233289006,0.6302240420799796,0.3404688000538438,0.18812925018635449,0.36734100182662455,0.3753437842688383,-0.07046582530180798,0.36935016352895045,0.36160406653177435,0.16990044471884877,0.18266450078498317,0.23445677559822414,0.45756365772238233,0.46658078765653566,0.4696210820611158,-0.07070408030652836,0.43970417818625185,-0.07578286988972906,-0.0728162739214926,-0.07109020162603702,-0.1464773699592822,-0.0704582277892869,-0.1481908622846359,-0.15720370857311167,-0.08133261579027687,0.32524056972420984,0.26258636995746715,0.6472758230333283,0.5028436305731966,0.9129825963383251,0.01577497035779807,0.3928633762264194,0.10890698256553466,0.9336235567757203,0.6214742085805084,0.40636656970952706,0.7626974046714666,-0.10737885883942556,0.3661678516971551,0.7628557857577369,0.7917635651570478,0.6971400723209308,0.8062119088679729
High252_Dist,0.12641516460344338,0.25220795196370466,0.44752399968240725,0.622625441564188,0.717108571150708,0.6915509742254976,0.46614931033141743,0.4046880110288518,0.5669246981502072,0.8087736085209845,0.6852687690718997,0.5607690672245702,0.08367218496574855,0.5399527319981131,0.36408410777929834,0.3891351742516452,1.0,0.5246096300778285,-0.28770159837772147,-0.3470110356962738,0.00949267402567674,-0.3314538018583271,0.04367229512637941,0.14935076497241362,0.24594566131009105,0.36388728892563016,-0.23196218026415366,0.4184597850810392,0.5762696820056452,0.033285727522360795,0.07668852063190643,0.14687846084164674,-0.23202177745696367,0.1829687200972218,0.21171947717046857,0.3646609145113957,0.3032285854565097,0.05597120204582264,0.12451093821068228,0.23630408939302017,0.26368458210255025,-0.2596267832031477,0.31183666590965875,-0.21886929200494673,0.007932696406912593,0.002409395992962369,-0.10026824039894063,-0.02343311303559301,-0.046970710648939124,-0.08715517953118293,-0.26370195950913466,0.12239198334846181,0.10028063083824036,0.4114521724995747,0.32576016017863146,0.5399527319981131,-0.28770159837772147,0.12641516460344338,0.015061626367352417,0.46266711408986105,0.5607690672245702,0.5635426920709528,0.08367218496574855,-0.3314538018583271,0.6693877397282968,0.25220795196370466,0.26586520355517157,0.5985095891022919,0.49221607487622426
Low252_Dist,0.09052679841071795,0.20402233148451016,0.4080713122973406,0.631361193095276,0.7506184753278627,0.7484135876547847,0.3889045362527375,0.348843890824391,0.5273059811404033,0.8112223671294317,0.7383588547294531,0.527000065803695,0.041980628410339095,0.4453304968349077,0.2663651692721457,0.3048719121151606,0.5246096300778285,1.0,0.22348585324253292,0.28604459533328636,-0.03844030178137745,0.20379188495586953,-0.04485456327672837,0.23504140901525974,0.3574976689275547,0.4500790157469856,0.003773325675306125,0.3368755544126532,0.5288112869353586,0.06386037469940108,0.10745517877074742,0.22859748319723303,0.003689710025964454,0.21668580914745758,0.2968182692504732,0.44995520491552404,0.28276403815353457,0.07646703557366108,0.14749544235548342,0.2825364729918153,0.27380767491948815,0.025900487904327845,0.37081371060338014,0.08151177354388117,-0.01945747100854912,-0.01750642283394804,-0.004769238665951857,-0.031487403131100426,-0.07508804951876402,-0.14298415495278904,-0.27126231983358795,0.06541585843312786,0.047541111787810744,0.3288610031331488,0.24504522705609566,0.4453304968349077,0.22348585324253292,0.09052679841071795,-0.03805675296545043,0.4039579377925782,0.527000065803695,0.546205250594481,0.041980628410339095,0.20379188495586953,0.6575584608415769,0.20402233148451016,0.20225704128950667,0.512539744983945,0.4053032205032467
Volatility,0.006713384805627872,0.030965575489612627,0.04853916580075395,0.014944548073335472,0.0073430114879515585,-0.02633553349475576,0.000634478503897651,0.044765968204955875,0.030873873252443892,-0.0048487478686324754,0.0031179389873519443,0.026972821588011273,0.055300303739250226,-0.006564447441559625,0.005575839204851855,0.01577497035779807,-0.28770159837772147,0.22348585324253292,1.0,0.7894346187642878,0.5201425787968578,0.859037170976768,0.18518238920010227,-0.054068512191557186,-0.106939344384749,-0.12574858702040606,0.39282298335530347,0.10070753628936947,0.08695802726627175,0.01751712629666739,0.012221960648973556,-0.04873171388505769,0.3930525749428784,-0.10573203333114184,-0.1013750297966814,-0.12582255141091703,-0.16571526315316332,0.018991080956562236,0.02253840045358822,-0.021638334070447848,-0.06450174225839347,0.4836273465312677,-0.04735582006760508,0.34783495802864944,-0.040202891368254196,-0.030835655653054562,0.21969530619325597,0.005908892261740794,0.0015877460009432757,0.05468261165030168,0.20462652908791698,-0.0064859273744111235,-0.002461606378201485,0.1000313212852619,0.09575367411533885,-0.006564447441559625,1.0,0.006713384805627872,-0.03750946985891691,0.03795019205975987,0.026972821588011273,0.016962748876542554,0.055300303739250226,0.859037170976768,0.009618312489052563,0.030965575489612627,0.011864799955149944,-0.024405606999496527,-0.009827402042589901
Vol_60,0.004585870538773432,0.02830349976139271,0.05010644102009065,0.034820615901767556,-0.0005262777821532054,-0.025690433304096087,0.009935576764023402,0.04484627255320049,0.04972870144652306,-0.004937565911585273,-0.009079423953904613,0.0435131922815793,0.04241415570774003,0.003590448905952702,0.0004675253298729139,0.018022446447585213,-0.3470110356962738,0.28604459533328636,0.7894346187642878,1.0,-0.04900964301687815,0.7609902381974233,-0.015245396405330822,0.05752589831320189,-0.08617012315599407,-0.1305751333621924,0.35525310426574624,0.03549459664840549,0.09614889662202374,0.034679459865931454,0.04278430115876111,0.05748194171020338,0.35519289912878305,-0.006690079523273761,0.005675897719743737,-0.13049585835029975,-0.16190339104995685,0.026617420553633187,0.0453733261319035,0.05287308320715943,0.010112294833418066,0.4109288566468048,0.03587247594189928,0.3732484260307165,-0.043470804658301956,-0.03243446346807129,0.12296650249705914,-0.0036768084446505956,-0.019450428656787318,-0.010182104683972073,0.20044730883065176,-0.019725108548227722,-0.014517986806022318,0.033612239514393155,0.02445100439839423,0.003590448905952702,0.7894346187642878,0.004585870538773432,-0.03458147792508395,0.043101771375697255,0.0435131922815793,0.037189777517393725,0.04241415570774003,0.7609902381974233,0.02508835149560282,0.02830349976139271,0.011337966800570287,-0.007919071169764239,-0.00033707447388393874
Vol_Ratio,0.0013052164920719469,0.006464194529101723,-0.012650644156030736,-0.020162983807301908,0.01920853737176528,-0.003624257146731099,-0.031139212877083187,-0.005631499681880455,-0.040430610730075395,0.002193050479421063,0.035446094844608256,-0.03568230169939166,0.018266247901657626,-0.03134194061455478,0.0016213776262519563,-0.010920903379247277,0.00949267402567674,-0.03844030178137745,0.5201425787968578,-0.04900964301687815,1.0,0.34683292249876735,0.3279150702399552,-0.20127876300206682,-0.061778336742635526,-0.029574505839885933,0.15617987746343864,0.10854333224353921,0.019803142844420838,-0.02294056219545424,-0.03858702366022481,-0.18979783320265392,0.15670664618897762,-0.18724974710326625,-0.2051262442408498,-0.02982606949181475,-0.05700234786751202,-0.005616955334514695,-0.028771252453591516,-0.1326720689898181,-0.13593002963363018,0.21946251289565497,-0.1492328835186402,0.05740859290079837,-0.0068718553333297116,-0.008202715914540866,0.21128071192967038,0.022242827965187232,0.0403374282005639,0.13125990304618232,0.060381161943319016,0.013455768330996508,0.012882658704490348,0.11031526619168892,0.12085579360360202,-0.03134194061455478,0.5201425787968578,0.0013052164920719469,-0.018315094940160412,-0.016754795655903824,-0.03568230169939166,-0.04011007884619865,0.018266247901657626,0.34683292249876735,-0.023792964380783415,0.006464194529101723,-0.0019448741515897372,-0.03800848031321437,-0.029842402501803304
ATR_Ratio,-0.0481907682387134,-0.07430434809697473,-0.04480085467594472,-0.013606224147012807,-0.010961876168409292,-0.038948908939753016,-0.08982013639205629,-0.07702663132801135,-0.04690929015951329,-0.03522600095296543,0.011864248876968207,-0.03771739820235211,-0.06011019864717864,-0.11458343834748938,-0.11734926481817462,-0.10737885883942556,-0.3314538018583271,0.20379188495586953,0.859037170976768,0.7609902381974233,0.34683292249876735,1.0,0.18661318951259967,-0.12182793081038151,-0.12578352626932773,-0.15424862677409124,0.396015308298768,0.033301144286577024,0.06317721741235742,-0.008938559956285707,-0.053827047235090436,-0.12216995621748727,0.39644252971352073,-0.17871120254196302,-0.15836247772897663,-0.15444294543263756,-0.19577135473752466,-0.01374878374546081,-0.05160873673061836,-0.10128686973846622,-0.14472647569975305,0.47769138974814096,-0.10983784034769734,0.3759112225583845,-0.029305074180390526,-0.020300138370736544,0.24584768892145464,0.025581754784078783,0.037867652116631234,0.09687767426766858,0.23703797448154268,-0.0516722161585714,-0.042027713840089236,0.029946255176988696,0.044183594074148666,-0.11458343834748938,0.859037170976768,-0.0481907682387134,-0.024254983473440506,-0.07831509781242546,-0.03771739820235211,-0.014818860975042578,-0.06011019864717864,1.0,-0.014902936171732453,-0.07430434809697473,-0.09343939416412468,-0.09216072850722758,-0.11054155514547429
Volume_Ratio,0.055117110171159465,0.19623293821279,0.15375848940028788,-0.011359914118017187,-0.038607672668358135,-0.05409410125662238,0.14612375210982786,0.20463468652845554,0.13247252052825467,-0.01413625215144832,-0.08826982796233263,0.10837620506099313,0.21249732939622762,0.16900362748724668,0.16309761538635167,0.20080505622847702,0.04367229512637941,-0.04485456327672837,0.18518238920010227,-0.015245396405330822,0.3279150702399552,0.18661318951259967,1.0,0.04213451305031149,-0.02638931278934274,-0.05291082662780897,0.029331669790349922,0.1605275836080889,0.001361235048226744,0.006621849699082116,0.023743023314264918,0.04070976605739881,0.02945464586678801,0.03687858395396319,0.03407852681792052,-0.05336017560517848,-0.0235826718407478,0.028144850050825197,0.08008453593955456,0.09017531326197058,0.08699503633903932,0.054533350362625146,0.0718624337596917,0.04739366412773112,-0.0009588712416532274,0.0015706143654386237,0.016379063731679234,0.008152211195068943,-0.006190112691057744,0.005151192658874517,0.05574853323322216,0.05638141227914382,0.045239517963133385,0.1656479333971884,0.12045716402204193,0.16900362748724668,0.18518238920010227,0.055117110171159465,0.4038645092190923,0.19491609496703552,0.10837620506099313,0.04551302287555763,0.21249732939622762,0.18661318951259967,0.012209483536222636,0.19623293821279,0.1924804201721227,0.0889973187092838,0.15022201045046032
Mkt_Ret_21,0.09346402418078405,0.22644466822352952,0.48713121388651426,0.23068143743686897,0.1101701784179803,0.04665389300490258,0.48323659203231695,0.3998008377914741,0.4261485416871353,0.18825472910810104,-0.012135976261733801,0.42801549438278946,0.25543599116206867,0.4291702297895636,0.27983726443862106,0.36719457617161766,0.14935076497241362,0.23504140901525974,-0.054068512191557186,0.05752589831320189,-0.20127876300206682,-0.12182793081038151,0.04213451305031149,1.0,0.4824536032812604,0.408287840647821,-0.2567589024650078,0.040466117221049897,-0.00139881679090049,0.22494701704860434,0.45140004851632215,0.971060819621029,-0.25728321603923626,0.9416906694578246,0.8558073593239126,0.4069337061348233,0.45486734529661677,0.1540106414715482,0.3267510622867943,0.6628536780081618,0.6488017622100033,-0.16959280796473333,0.5948484997885549,-0.050618002563484955,-0.03646559422668197,-0.03390457937248903,-0.4239374366836605,-0.08980960053287979,-0.20333777016180188,-0.41191359986514264,-0.07520896079309904,-0.013517099789038027,-0.014358490626503463,0.039936093337250615,0.00885724771608064,0.4291702297895636,-0.054068512191557186,0.09346402418078405,-0.0017726562854057887,0.4131000443757674,0.42801549438278946,0.36908045467389117,0.25543599116206867,-0.12182793081038151,0.29485624609596334,0.22644466822352952,0.23589465177897442,0.3625208377729654,0.3840119756189494
Mkt_Ret_63,0.04582554985307124,0.10549581248378992,0.26105581055860316,0.5096770970881758,0.294387428167605,0.17288783454246243,0.2465472168765975,0.19576422319789724,0.3702342094761197,0.3445294752646702,0.22035497985366376,0.37208834177155176,-0.03671188234401023,0.288520260079385,0.11791013305441007,0.172234861612297,0.24594566131009105,0.3574976689275547,-0.106939344384749,-0.08617012315599407,-0.061778336742635526,-0.12578352626932773,-0.02638931278934274,0.4824536032812604,1.0,0.6990620308498255,-0.30541463409446173,0.03362748018051895,0.05195617390741495,0.11292005077843031,0.2081958760039115,0.4685327280057982,-0.3055871681298923,0.4889257441033764,0.6950584385891173,0.6983041513049824,0.6118217688205084,0.08418154884444891,0.15475322229438332,0.34303462149870356,0.3431761355373927,-0.20451480908409736,0.5045872834003622,-0.06152505297841091,-0.011932355289495501,-0.01463976485871476,-0.31383030006419493,-0.061783313341084646,-0.13147700291968664,-0.20037706804491673,-0.22348347080171485,-0.012599132111689535,-0.01638380038635013,0.030156265034746072,0.004750829536912829,0.288520260079385,-0.106939344384749,0.04582554985307124,-0.03986018674436899,0.24629134816526072,0.37208834177155176,0.40573617679700275,-0.03671188234401023,-0.12578352626932773,0.45657994200566226,0.10549581248378992,0.10895810762371569,0.3392500854067803,0.2615255232520837
Mkt_SMA200_Ratio,0.04838410766228215,0.11449712509649135,0.23223382259993391,0.3941036092902668,0.4803425911104747,0.3777824441827966,0.2238398011661374,0.18617625235278332,0.3108474822589754,0.490109375482432,0.4299468030451711,0.3137459567323514,0.00014055226875534183,0.26221028360897003,0.12813373487383897,0.17024657968541398,0.36388728892563016,0.4500790157469856,-0.12574858702040606,-0.1305751333621924,-0.029574505839885933,-0.15424862677409124,-0.05291082662780897,0.408287840647821,0.6990620308498255,1.0,-0.33456907060010277,0.03606784032574048,0.07329016161651815,0.10981695337964804,0.2028458883114687,0.39592196890377435,-0.3349009397786446,0.44004974362593835,0.5516784857299333,1.0,0.7696691438079315,0.08532447102853984,0.16336743173310708,0.30869652889031596,0.31904625270717935,-0.2113338607716019,0.4204079987019971,-0.22612899143773907,0.002510985106280064,-0.005443289728366441,-0.15102640666549294,-0.05874635065166088,-0.11859498120282762,-0.22053757439765342,-0.3804338674635025,-0.006597011081258588,-0.013133600379948268,0.03381912369654861,-0.001179096177905707,0.26221028360897003,-0.12574858702040606,0.04838410766228215,-0.035295364787762726,0.22572574827569875,0.3137459567323514,0.3316078336403217,0.00014055226875534183,-0.15424862677409124,0.4114377193172924,0.11449712509649135,0.11941790883306307,0.3070899692738185,0.23963570569693193
Mkt_Vol_20,0.008485673465619441,-0.009831533019627354,-0.1292368868478359,-0.13394411840720122,-0.08891155393134918,-0.134591945919003,-0.14881639480419215,-0.07158748656894752,-0.1605050248113071,-0.14190784955648947,-0.06551920749857312,-0.17181789044519777,0.02683381901244346,-0.13990359063264116,-0.034701871823496266,-0.07030510233289006,-0.23196218026415366,0.003773325675306125,0.39282298335530347,0.35525310426574624,0.15617987746343864,0.396015308298768,0.029331669790349922,-0.2567589024650078,-0.30541463409446173,-0.33456907060010277,1.0,0.0031680998815824535,0.013791010539820665,0.028950573772414827,-0.019532017037101976,-0.2445414338964669,1.0,-0.39890716428363293,-0.340136511414217,-0.3349009397786446,-0.45622166402562836,0.01875341648121226,-0.0038038451813058507,-0.15717913743652764,-0.21891319991701175,0.6419474483532367,-0.20756628615693656,0.7754714905857525,-0.07038756732047767,-0.053937024812970885,0.5770550584812119,0.0033686163676401254,-0.01804297134099304,0.07532077992492149,0.2999731955683669,0.00352038693688435,0.005817045882562096,0.002831638265741488,-0.0018045267860005456,-0.13990359063264116,0.39282298335530347,0.008485673465619441,0.0206529909696974,-0.09451466343298812,-0.17181789044519777,-0.18639495191740127,0.02683381901244346,0.396015308298768,-0.17645591281053305,-0.009831533019627354,-0.021423619491524593,-0.1540911931556647,-0.12671968325355096
Rel_Ret_21,0.16093342363442092,0.3806473703535082,0.8561834700403841,0.45773086636777743,0.33645221728723523,0.24870482443322411,0.8297670334739301,0.7006097046360932,0.7381884269324136,0.4378510906372039,0.1359902814468136,0.7505859174346848,0.4200029585579313,0.7410363312926206,0.546142402153375,0.6302240420799796,0.4184597850810392,0.3368755544126532,0.10070753628936947,0.03549459664840549,0.10854333224353921,0.033301144286577024,0.1605275836080889,0.040466117221049897,0.03362748018051895,0.03606784032574048,0.0031680998815824535,1.0,0.5363472274244175,-0.00020209243405754275,0.013658274337187224,0.0409983093452469,0.0031494858938446294,0.0406375087832009,0.051560540168060096,0.03609226763660321,0.019205835059650032,0.05453607722041797,0.14528157667875088,0.31958548601898995,0.3124569608187164,-0.023435121353084662,0.29026059459352427,-0.0023291742149787876,0.00012312300845747636,0.0011314375455465306,-0.0032842154016665677,-0.014121081265194077,-0.0322825192660858,-0.04620702340922802,-0.07510994015282538,0.18301353824451702,0.14867474288687196,0.9667223293855014,0.764917689772452,0.7410363312926206,0.10070753628936947,0.16093342363442092,-0.0061786161417319505,0.7247242486508023,0.7505859174346848,0.6454983556190683,0.4200029585579313,0.033301144286577024,0.553743710135598,0.3806473703535082,0.3868108886798585,0.63218979911152,0.6674340756212667
Rel_Ret_63,0.09699768885170343,0.2116010976633414,0.4528390561007848,0.8481278745594389,0.6042530859663757,0.44223273329617674,0.44395838382023084,0.3822891391594476,0.6229711354341816,0.6986069683760455,0.5262346222046836,0.6234133330633677,-0.003800781330045102,0.5244917594811892,0.3094734749650317,0.3404688000538438,0.5762696820056452,0.5288112869353586,0.08695802726627175,0.09614889662202374,0.019803142844420838,0.06317721741235742,0.001361235048226744,-0.00139881679090049,0.05195617390741495,0.07329016161651815,0.013791010539820665,0.5363472274244175,1.0,-0.008041432753778072,-0.01209252182184839,-0.0029347879296071746,0.013836316526370098,-0.0013673863464969127,0.02089258059378629,0.07379895230005062,0.02625019344667231,0.025470507755292436,0.06462081354175167,0.1524941091983261,0.1560977717554904,-0.022174202507591476,0.22382400824169205,0.01382541291902675,0.004378564317875814,0.004268972955331605,0.02547047917698989,-0.005842270759681952,-0.01880856190975143,-0.032379624585987164,-0.10477942273811612,0.11434031646205457,0.09469802161028627,0.5223020857747496,0.4255616360431737,0.5244917594811892,0.08695802726627175,0.09699768885170343,-0.024909558351037083,0.455189449767666,0.6234133330633677,0.658709673833043,-0.003800781330045102,0.06317721741235742,0.7699993202762467,0.2116010976633414,0.21492270161041804,0.6051470050664083,0.4782230747246943
nifty_return_1,0.4174211009821382,0.1859576007845047,0.10476120614266028,0.04670479783283105,0.02647468588623132,0.005336224600331639,0.10728362851131683,0.16279183672245,0.10297074234227435,0.03903330314749317,-0.009898914138181522,0.03872056436317231,0.08427386121474334,0.15648916849812913,0.20513061068238772,0.18812925018635449,0.033285727522360795,0.06386037469940108,0.01751712629666739,0.034679459865931454,-0.02294056219545424,-0.008938559956285707,0.006621849699082116,0.22494701704860434,0.11292005077843031,0.10981695337964804,0.028950573772414827,-0.00020209243405754275,-0.008041432753778072,1.0,0.4212163190946705,0.22785912899224858,0.028950573772414827,0.22162108017369944,0.23328335827797328,0.10981695337964804,0.10976679696662696,0.6481077478358741,0.26902690087304315,0.14839381816125216,0.14852780413635658,0.02637384243557249,0.14871860179019802,-0.030977736623060262,-0.5475676637656807,-0.5456161487903314,-0.03386484967042833,-0.010788469662144275,0.0060570959608528974,-0.014588863304601898,-0.007879841181910086,-0.0628686564943412,-0.015206439854322223,-0.002483546476015484,-0.00493551814455266,0.15648916849812913,0.01751712629666739,0.4174211009821382,0.004937710143585867,0.17904668797657922,0.03872056436317231,0.01314438247363934,0.08427386121474334,-0.008938559956285707,0.012298125504547954,0.1859576007845047,0.1888070337943002,0.09824981023857995,0.1436464767821042
nifty_return_5,0.18986974365803427,0.46360484562029997,0.21992847372005253,0.09192940899687523,0.040906598104414396,0.01567499849758058,0.22626929572052049,0.3439444674558113,0.21732178929853016,0.08246209048130926,-0.02502111642224827,0.14407328589947527,0.3210175049999264,0.3161883156338614,0.3564704877635905,0.36734100182662455,0.07668852063190643,0.10745517877074742,0.012221960648973556,0.04278430115876111,-0.03858702366022481,-0.053827047235090436,0.023743023314264918,0.45140004851632215,0.2081958760039115,0.2028458883114687,-0.019532017037101976,0.013658274337187224,-0.01209252182184839,0.4212163190946705,1.0,0.45755662391175317,-0.019532017037101976,0.4536504442179266,0.4620751997416009,0.2028458883114687,0.2209453603482791,0.29992094040610306,0.6732128785168183,0.3079279336128214,0.308350930905145,-0.003203356530497981,0.3081421333842756,-0.06575652670830195,-0.13222907710237866,-0.13405126092488262,-0.12814495584611477,-0.13554004839974385,-0.2616572213927821,-0.13621865828052582,-0.020600232705581624,-0.019036071933227348,-0.01327480110414119,0.01160275364320935,0.0021711485278528035,0.3161883156338614,0.012221960648973556,0.18986974365803427,0.016295452886384374,0.3500368638250257,0.14407328589947527,0.05370206996978964,0.3210175049999264,-0.053827047235090436,0.05253303954906316,0.46360484562029997,0.46044327538162205,0.20484000640301336,0.2890521580172158
nifty_return_20,0.09464475488040323,0.22874427468458078,0.4757722354718133,0.22203721105196508,0.10479549096640126,0.044045921136279476,0.4721006182878203,0.4094882809844176,0.41750227073145074,0.18248698719920978,-0.014099694716436248,0.42014311358661527,0.27176810206639107,0.4282838592001258,0.2862198094299448,0.3753437842688383,0.14687846084164674,0.22859748319723303,-0.04873171388505769,0.05748194171020338,-0.18979783320265392,-0.12216995621748727,0.04070976605739881,0.971060819621029,0.4685327280057982,0.39592196890377435,-0.2445414338964669,0.0409983093452469,-0.0029347879296071746,0.22785912899224858,0.45755662391175317,1.0,-0.2445414338964669,0.9631460603998843,0.8398456906382179,0.39592196890377435,0.44703071070682265,0.15412145959891416,0.32787548534699584,0.6763117015283814,0.6605170949401333,-0.15909116730274953,0.5822767888350707,-0.05263052892195744,-0.03375901195817403,-0.030842593725575154,-0.41329554940324226,-0.09335483391354835,-0.20952386525763844,-0.4095829389362503,-0.0696565966311318,-0.013458212177796641,-0.013357269518988666,0.037387678999318025,0.009572223872879308,0.4282838592001258,-0.04873171388505769,0.09464475488040323,-0.002004725699269296,0.41525314960480647,0.42014311358661527,0.3557280140511323,0.27176810206639107,-0.12216995621748727,0.28249432874825914,0.22874427468458078,0.23751703318586273,0.3579759528417804,0.3829021492966249
nifty_volatility_20,0.008185954616500526,-0.010179413727391892,-0.12965274202294363,-0.13413912308739015,-0.08921042521024454,-0.13442545134649084,-0.14916783088261099,-0.0718820246342547,-0.1611034412579935,-0.14213798149619067,-0.06542902256632166,-0.17229440166537388,0.02688427882631995,-0.14025258288714684,-0.034817331496282654,-0.07046582530180798,-0.23202177745696367,0.003689710025964454,0.3930525749428784,0.35519289912878305,0.15670664618897762,0.39644252971352073,0.02945464586678801,-0.25728321603923626,-0.3055871681298923,-0.3349009397786446,1.0,0.0031494858938446294,0.013836316526370098,0.028950573772414827,-0.019532017037101976,-0.2445414338964669,1.0,-0.39890716428363293,-0.340136511414217,-0.3349009397786446,-0.45622166402562836,0.01826300624065148,-0.004254420204840577,-0.15731231039641352,-0.21885242654886553,0.6423291162969753,-0.2082036798487304,0.7755419690686398,-0.06945591872599775,-0.052886311016878094,0.5774182347352604,0.002956851242476082,-0.018004273438810392,0.07465413812322881,0.2994730784247475,0.00352038693688435,0.0058858255278748505,0.002831638265741488,-0.0019749110522107806,-0.14025258288714684,0.3930525749428784,0.008185954616500526,0.021130787182196766,-0.09492270908458378,-0.17229440166537388,-0.18689578876719795,0.02688427882631995,0.39644252971352073,-0.17688194686364453,-0.010179413727391892,-0.021754578428415137,-0.1545041995533355,-0.12704226098655813
nifty_momentum,0.09376369565555072,0.22467972279352594,0.4614795787145369,0.22952595349209817,0.11751972620152182,0.08518685489474956,0.4697204413809816,0.39484876325665247,0.4182419633317772,0.19934390391784282,0.003766057734814238,0.4206336156036092,0.24908581322077106,0.430430424208115,0.28261981661700475,0.36935016352895045,0.1829687200972218,0.21668580914745758,-0.10573203333114184,-0.006690079523273761,-0.18724974710326625,-0.17871120254196302,0.03687858395396319,0.9416906694578246,0.4889257441033764,0.44004974362593835,-0.39890716428363293,0.0406375087832009,-0.0013673863464969127,0.22162108017369944,0.4536504442179266,0.9631460603998843,-0.39890716428363293,1.0,0.8502540345311199,0.44004974362593835,0.5055630534637343,0.15452841894213462,0.3215312573880363,0.6522012394665365,0.6650356862041643,-0.2492767541207057,0.5832833018635762,-0.1703681009094529,-0.02398892029152027,-0.02436576389212672,-0.4606461430183582,-0.07717979464406073,-0.1739591307802308,-0.371781397165468,-0.12294701051169803,-0.01363242738497424,-0.015037182282713127,0.037380117710154946,0.010404183961692496,0.430430424208115,-0.10573203333114184,0.09376369565555072,-0.004395146661142122,0.4059191773927224,0.4206336156036092,0.3634901238477796,0.24908581322077106,-0.17871120254196302,0.29448545327823616,0.22467972279352594,0.23593870359181277,0.3651883628134442,0.38541145295613
nifty_sma_ratio,0.101507822878072,0.2395709308749327,0.4353479571768384,0.35148262555780385,0.17913895985319128,0.10131929337854237,0.43147638913712166,0.3884632809790212,0.502261815230669,0.26554565907965777,0.048496953786137095,0.4820553223110966,0.16849018642431363,0.4580510348341683,0.2818766824125201,0.36160406653177435,0.21171947717046857,0.2968182692504732,-0.1013750297966814,0.005675897719743737,-0.2051262442408498,-0.15836247772897663,0.03407852681792052,0.8558073593239126,0.6950584385891173,0.5516784857299333,-0.340136511414217,0.051560540168060096,0.02089258059378629,0.23328335827797328,0.4620751997416009,0.8398456906382179,-0.340136511414217,0.8502540345311199,1.0,0.5516784857299333,0.5777463247035979,0.16738694432094783,0.3418001113563131,0.5916983751709763,0.5906735650929633,-0.2323537626355354,0.6984989083311118,-0.08845667747348325,-0.021483872055577172,-0.023462503928455954,-0.4858889108528533,-0.08716144394247277,-0.18135894247999038,-0.33695012571380584,-0.15816929822611162,-0.013821630317854975,-0.01652803344751923,0.04947826735187107,0.011253081347416823,0.4580510348341683,-0.1013750297966814,0.101507822878072,-0.0056179111882240585,0.4282529931837798,0.4820553223110966,0.4507841872820053,0.16849018642431363,-0.15836247772897663,0.4052436551334016,0.2395709308749327,0.24642512899084865,0.42055155616431567,0.4117056034590363
nifty_sma200_ratio,0.04845191342252052,0.11417996957643488,0.2318118246504759,0.39440560285878307,0.48008205958889993,0.378680617488905,0.2233742915615204,0.1859412081709207,0.3110150284295694,0.4903583809107045,0.43031157833902445,0.3138247478918974,-0.0005389470596426015,0.26204189498048736,0.12771116435191862,0.16990044471884877,0.3646609145113957,0.44995520491552404,-0.12582255141091703,-0.13049585835029975,-0.02982606949181475,-0.15444294543263756,-0.05336017560517848,0.4069337061348233,0.6983041513049824,1.0,-0.3349009397786446,0.03609226763660321,0.07379895230005062,0.10981695337964804,0.2028458883114687,0.39592196890377435,-0.3349009397786446,0.44004974362593835,0.5516784857299333,1.0,0.7696691438079315,0.08540955347121143,0.16296614382473754,0.3079206283977001,0.3181970518257016,-0.21125470959804654,0.4205956471710382,-0.22599715660197,0.0014384753604351217,-0.006619847028979889,-0.1507923159359919,-0.05936050131509508,-0.12132704354462197,-0.2221456916096919,-0.3790357234722012,-0.006597011081258588,-0.013044863622533974,0.03381912369654861,-0.0009280792621958223,0.26204189498048736,-0.12582255141091703,0.04845191342252052,-0.034820101725165004,0.22554846072405127,0.3138247478918974,0.3319324133497793,-0.0005389470596426015,-0.15444294543263756,0.41177548317934637,0.11417996957643488,0.11913168039522254,0.30724742237925895,0.2394260155862404
nifty_trend_direction,0.045882929779206306,0.11245715407549245,0.2312407700991251,0.30595319855727887,0.3219202565904536,0.24839206412079087,0.2290755512452216,0.19676651308735052,0.2850610233952345,0.3465253369322653,0.26538480256603214,0.2860194680203211,0.04340273854485113,0.2577342118871228,0.1395819224712675,0.18266450078498317,0.3032285854565097,0.28276403815353457,-0.16571526315316332,-0.16190339104995685,-0.05700234786751202,-0.19577135473752466,-0.0235826718407478,0.45486734529661677,0.6118217688205084,0.7696691438079315,-0.45622166402562836,0.019205835059650032,0.02625019344667231,0.10976679696662696,0.2209453603482791,0.44703071070682265,-0.45622166402562836,0.5055630534637343,0.5777463247035979,0.7696691438079315,1.0,0.07655177079322997,0.16033551868871163,0.31741078790075844,0.33121249760309973,-0.28753178726873985,0.3949901931368731,-0.34064839413814324,0.004465504662515683,-0.005631409243617445,-0.25672801084527364,-0.06517230599567948,-0.10580570218717412,-0.18249826374821043,-0.2091201832777343,-0.008540832198176581,-0.010932734540994358,0.016856515176385197,-0.004972253279958939,0.2577342118871228,-0.16571526315316332,0.045882929779206306,-0.02658177826657073,0.22655071651861444,0.2860194680203211,0.2850603672036971,0.04340273854485113,-0.19577135473752466,0.326423095236688,0.11245715407549245,0.11836755459522175,0.27656997936987915,0.23176580998416876
sector_return_1,0.49520110179819526,0.24056611874072598,0.12069467301072122,0.062333897811092644,0.03815639897380973,0.025083589935281838,0.1253272485271101,0.2001475662979452,0.1280024176898469,0.05956974317871471,0.001480659266117689,0.04695227397602102,0.10727367909093204,0.1951040878782887,0.2564509393595102,0.23445677559822414,0.05597120204582264,0.07646703557366108,0.018991080956562236,0.026617420553633187,-0.005616955334514695,-0.01374878374546081,0.028144850050825197,0.1540106414715482,0.08418154884444891,0.08532447102853984,0.01875341648121226,0.05453607722041797,0.025470507755292436,0.6481077478358741,0.29992094040610306,0.15412145959891416,0.01826300624065148,0.15452841894213462,0.16738694432094783,0.08540955347121143,0.07655177079322997,1.0,0.4170626904228967,0.20604020655788402,0.21083783862777217,0.01702038490872609,0.21913454730520168,-0.03785952446332436,-0.4057580747343398,-0.4049709194095734,-0.029205761006773752,-0.006288530092979436,-0.003131173298136686,-0.010239928791762545,-0.02815859911088862,0.19175721542534313,-0.16162450812569115,0.052594549217129284,-0.03138568717511942,0.1951040878782887,0.018991080956562236,0.49520110179819526,0.05464819621585884,0.2208286962345899,0.04695227397602102,0.015756054604366913,0.10727367909093204,-0.01374878374546081,0.019565264804643843,0.24056611874072598,0.24134377873205304,0.12283534810281342,0.1792158915181207
sector_return_5,0.2211384570465223,0.5625042961388317,0.2802680965587841,0.13078430224632695,0.08308024112233611,0.05419026747052006,0.28771971815056846,0.43193157272043153,0.286634943028138,0.13258917901980216,-0.0024856428408443067,0.19879262151866933,0.39376824683259026,0.4025700408118079,0.44264119157880355,0.45756365772238233,0.12451093821068228,0.14749544235548342,0.02253840045358822,0.0453733261319035,-0.028771252453591516,-0.05160873673061836,0.08008453593955456,0.3267510622867943,0.15475322229438332,0.16336743173310708,-0.0038038451813058507,0.14528157667875088,0.06462081354175167,0.26902690087304315,0.6732128785168183,0.32787548534699584,-0.004254420204840577,0.3215312573880363,0.3418001113563131,0.16296614382473754,0.16033551868871163,0.4170626904228967,1.0,0.4634734186071656,0.46743125862606716,-0.00308934027957436,0.474312753836876,-0.059032273506535296,-0.0971664938615304,-0.09964948345262822,-0.10188487175635504,-0.09070563526525988,-0.1836881437952846,-0.09402611624199356,-0.0579655936562227,0.0970972129485653,-0.06634853661538088,0.14636805655638305,-0.05320611840707159,0.4025700408118079,0.02253840045358822,0.2211384570465223,0.053389461433507646,0.44081393864068996,0.19879262151866933,0.08898239275722683,0.39376824683259026,-0.05160873673061836,0.09142485900877832,0.5625042961388317,0.557068871539985,0.26829973591598705,0.3692685195010138
sector_return_20,0.10543063918410708,0.27294774734540284,0.5947424222017066,0.29832319877452085,0.18524350712728352,0.12497473242693184,0.5880504480527411,0.5121172753688253,0.5278736661883952,0.274279278085696,0.038545555169240145,0.5378263851251592,0.33093771393254856,0.5366478960176366,0.36373226557459243,0.46658078765653566,0.23630408939302017,0.2825364729918153,-0.021638334070447848,0.05287308320715943,-0.1326720689898181,-0.10128686973846622,0.09017531326197058,0.6628536780081618,0.34303462149870356,0.30869652889031596,-0.15717913743652764,0.31958548601898995,0.1524941091983261,0.14839381816125216,0.3079279336128214,0.6763117015283814,-0.15731231039641352,0.6522012394665365,0.5916983751709763,0.3079206283977001,0.31741078790075844,0.20604020655788402,0.4634734186071656,1.0,0.9690298628502947,-0.13059391628703548,0.8545246168470262,-0.05171049836946233,-0.03714130037821012,-0.03363136506124831,-0.26355544113084234,-0.06977814209920423,-0.17541246473833094,-0.3176818242197147,-0.13603125041411385,0.03653365120331064,-0.039285317639295284,0.32340066452511457,-0.09965725049739714,0.5366478960176366,-0.021638334070447848,0.10543063918410708,-0.0002548936246117373,0.519032831704006,0.5378263851251592,0.4592254548529945,0.33093771393254856,-0.10128686973846622,0.37666454462067933,0.27294774734540284,0.2831225090241712,0.45570082556395974,0.48065517633409377
sector_momentum,0.1077250975057363,0.27529147559225176,0.580985836316823,0.3019921380905831,0.1962157168036775,0.1495998037072057,0.5899984421024734,0.504322218436109,0.5227188434614021,0.28510404320951893,0.052366359217465325,0.5318985471640604,0.3236839493241383,0.5418831697205923,0.3693061278908856,0.4696210820611158,0.26368458210255025,0.27380767491948815,-0.06450174225839347,0.010112294833418066,-0.13593002963363018,-0.14472647569975305,0.08699503633903932,0.6488017622100033,0.3431761355373927,0.31904625270717935,-0.21891319991701175,0.3124569608187164,0.1560977717554904,0.14852780413635658,0.308350930905145,0.6605170949401333,-0.21885242654886553,0.6650356862041643,0.5906735650929633,0.3181970518257016,0.33121249760309973,0.21083783862777217,0.46743125862606716,0.9690298628502947,1.0,-0.22263064764313883,0.8438727807380251,-0.10489940965286906,-0.030947655994705975,-0.02953698110970174,-0.2835258030167155,-0.06372171225886389,-0.1599561734589576,-0.30037181824187303,-0.17038219875583854,0.037964368398077576,-0.03881867249999759,0.3163844983774912,-0.09235952248705424,0.5418831697205923,-0.06450174225839347,0.1077250975057363,-0.0008313718021305893,0.5125493236920561,0.5318985471640604,0.4573436538009719,0.3236839493241383,-0.14472647569975305,0.3806986249657546,0.27529147559225176,0.2898131311053677,0.46337560740698397,0.4860863293135849
sector_volatility,0.0035241492090241655,-0.014777674905971627,-0.11751526312802792,-0.1268369823084297,-0.0959600034916675,-0.11758650891443136,-0.14022542754869563,-0.06931792484942183,-0.14364251114125148,-0.13717979889993814,-0.06923983348251,-0.15367509785134031,0.017389688520642953,-0.1332595610535211,-0.04113459891278351,-0.07070408030652836,-0.2596267832031477,0.025900487904327845,0.4836273465312677,0.4109288566468048,0.21946251289565497,0.47769138974814096,0.054533350362625146,-0.16959280796473333,-0.20451480908409736,-0.2113338607716019,0.6419474483532367,-0.023435121353084662,-0.022174202507591476,0.02637384243557249,-0.003203356530497981,-0.15909116730274953,0.6423291162969753,-0.2492767541207057,-0.2323537626355354,-0.21125470959804654,-0.28753178726873985,0.01702038490872609,-0.00308934027957436,-0.13059391628703548,-0.22263064764313883,1.0,-0.16969974882917382,0.5168851303954696,-0.0567011359321143,-0.04407300138436012,0.39827774874866173,0.009417940126215663,0.007851617617830316,0.09718708738720236,0.26171947132319373,-0.005230345852760757,0.0020648755369771297,-0.02267386589885586,-0.01262964765383464,-0.1332595610535211,0.4836273465312677,0.0035241492090241655,0.012924682118193179,-0.08961196914724347,-0.15367509785134031,-0.16521998512079653,0.017389688520642953,0.47769138974814096,-0.16088936640034393,-0.014777674905971627,-0.028078599629358974,-0.15010937863719603,-0.12181152190355718
sector_sma_ratio,0.11207582364576492,0.27930509778355495,0.5370883459649176,0.4400551566363656,0.2775066598536194,0.19401102563728687,0.5293753730251398,0.4766489123511537,0.6171686650357263,0.3766594958533682,0.12271765320218458,0.5990477794952871,0.2031136563793229,0.5606016416821251,0.3503379180610521,0.43970417818625185,0.31183666590965875,0.37081371060338014,-0.04735582006760508,0.03587247594189928,-0.1492328835186402,-0.10983784034769734,0.0718624337596917,0.5948484997885549,0.5045872834003622,0.4204079987019971,-0.20756628615693656,0.29026059459352427,0.22382400824169205,0.14871860179019802,0.3081421333842756,0.5822767888350707,-0.2082036798487304,0.5832833018635762,0.6984989083311118,0.4205956471710382,0.3949901931368731,0.21913454730520168,0.474312753836876,0.8545246168470262,0.8438727807380251,-0.16969974882917382,1.0,-0.054794568243383204,-0.020594622946046623,-0.020241043580780622,-0.31413672413751065,-0.06905449478548017,-0.15585925196317785,-0.2796595548663201,-0.21436419539981807,0.04087505520491459,-0.04138373547558707,0.28594910147723307,-0.08044077265650951,0.5606016416821251,-0.04735582006760508,0.11207582364576492,-0.007615030995667544,0.5234745119954958,0.5990477794952871,0.562652450821558,0.2031136563793229,-0.10983784034769734,0.5164206155022371,0.27930509778355495,0.2884939978264848,0.5267123064414745,0.5036714678519488
india_vix,-0.030345789832439417,-0.053597535048506534,-0.045699163359141516,-0.028584545503575184,-0.05460619574557997,-0.12700301828131727,-0.06608643633820625,-0.057215086780333206,-0.051447323306804994,-0.09577330100753498,-0.06665763051626628,-0.04549793698502437,-0.0364091819614719,-0.08502238795060717,-0.07143240305117855,-0.07578286988972906,-0.21886929200494673,0.08151177354388117,0.34783495802864944,0.3732484260307165,0.05740859290079837,0.3759112225583845,0.04739366412773112,-0.050618002563484955,-0.06152505297841091,-0.22612899143773907,0.7754714905857525,-0.0023291742149787876,0.01382541291902675,-0.030977736623060262,-0.06575652670830195,-0.05263052892195744,0.7755419690686398,-0.1703681009094529,-0.08845667747348325,-0.22599715660197,-0.34064839413814324,-0.03785952446332436,-0.059032273506535296,-0.05171049836946233,-0.10489940965286906,0.5168851303954696,-0.054794568243383204,1.0,0.03679561747728785,0.06131496031517788,0.36975386640861835,0.033319135303455316,0.031210872031333044,0.048946579219689826,0.30634745835409355,-0.00916632631149876,0.0019916436321016267,-0.0024999816717811395,0.005667632686904349,-0.08502238795060717,0.34783495802864944,-0.030345789832439417,0.03511739573708482,-0.06233453524809652,-0.04549793698502437,-0.03302230706527603,-0.0364091819614719,0.3759112225583845,-0.041389989485700655,-0.053597535048506534,-0.06822408586108827,-0.07045247815983713,-0.0787959896916296
india_vix_change,-0.27331788885532693,-0.07189077187611467,-0.026012685124787518,-0.0011673970370156648,0.011570806256639525,0.005357978462402929,-0.0226979466818721,-0.05656469198356694,-0.014660581192390056,0.0041700614754295925,0.0152609174831232,0.019679856149119865,-0.03383693643687299,-0.042709262143578196,-0.08567302268196349,-0.0728162739214926,0.007932696406912593,-0.01945747100854912,-0.040202891368254196,-0.043470804658301956,-0.0068718553333297116,-0.029305074180390526,-0.0009588712416532274,-0.03646559422668197,-0.011932355289495501,0.002510985106280064,-0.07038756732047767,0.00012312300845747636,0.004378564317875814,-0.5475676637656807,-0.13222907710237866,-0.03375901195817403,-0.06945591872599775,-0.02398892029152027,-0.021483872055577172,0.0014384753604351217,0.004465504662515683,-0.4057580747343398,-0.0971664938615304,-0.03714130037821012,-0.030947655994705975,-0.0567011359321143,-0.020594622946046623,0.03679561747728785,1.0,0.9902581040549201,-0.0310240371014182,0.004813849321980951,-0.027330049659772204,-0.021322956345594488,-0.016700050387043943,0.00399281818606997,0.001723671477087178,-0.0002271211820630764,0.004446637431377399,-0.042709262143578196,-0.040202891368254196,-0.27331788885532693,0.025242511627155115,-0.06155518800549218,0.019679856149119865,0.02900275359230482,-0.03383693643687299,-0.029305074180390526,0.027207307118713758,-0.07189077187611467,-0.07001223080697813,-0.01770802564920346,-0.04085001758820383
india_vix_return,-0.272303865154939,-0.0734593687971322,-0.023077610878146818,-0.002581216841937958,0.006602387480394964,0.0025103994829586205,-0.020595850778093967,-0.054034576158188435,-0.014224400760806007,-9.900641500297729e-06,0.00953956552785666,0.020769938775718328,-0.02836496225734027,-0.04187586016038465,-0.08490121914048637,-0.07109020162603702,0.002409395992962369,-0.01750642283394804,-0.030835655653054562,-0.03243446346807129,-0.008202715914540866,-0.020300138370736544,0.0015706143654386237,-0.03390457937248903,-0.01463976485871476,-0.005443289728366441,-0.053937024812970885,0.0011314375455465306,0.004268972955331605,-0.5456161487903314,-0.13405126092488262,-0.030842593725575154,-0.052886311016878094,-0.02436576389212672,-0.023462503928455954,-0.006619847028979889,-0.005631409243617445,-0.4049709194095734,-0.09964948345262822,-0.03363136506124831,-0.02953698110970174,-0.04407300138436012,-0.020241043580780622,0.06131496031517788,0.9902581040549201,1.0,-0.026568780221816465,0.0008930264411963003,-0.03075761314781852,-0.023663260401726158,-0.0056894835277150535,0.0021099779478939004,0.0016757367388381607,0.000712512805630019,0.005269236473253034,-0.04187586016038465,-0.030835655653054562,-0.272303865154939,0.025086476192145674,-0.05985793574212546,0.020769938775718328,0.02868904528934433,-0.02836496225734027,-0.020300138370736544,0.025349665810362545,-0.0734593687971322,-0.0713078646236465,-0.01807179768744766,-0.040166207021710545
india_vix_volatility,-0.01955602328181818,-0.07467202036225087,-0.20689055143173604,-0.14281347612145648,0.015432916182228328,0.003062273369174759,-0.21260166803379826,-0.1602823841592415,-0.23552362869986865,-0.04408540395610173,0.08791727106100371,-0.23399194311645377,-0.05585832999431013,-0.20559478559121186,-0.09407315272383641,-0.1464773699592822,-0.10026824039894063,-0.004769238665951857,0.21969530619325597,0.12296650249705914,0.21128071192967038,0.24584768892145464,0.016379063731679234,-0.4239374366836605,-0.31383030006419493,-0.15102640666549294,0.5770550584812119,-0.0032842154016665677,0.02547047917698989,-0.03386484967042833,-0.12814495584611477,-0.41329554940324226,0.5774182347352604,-0.4606461430183582,-0.4858889108528533,-0.1507923159359919,-0.25672801084527364,-0.029205761006773752,-0.10188487175635504,-0.26355544113084234,-0.2835258030167155,0.39827774874866173,-0.31413672413751065,0.36975386640861835,-0.0310240371014182,-0.026568780221816465,1.0,0.03217314468709901,0.03384212965110089,0.1034341250634591,0.13533904229422172,0.006178896318703118,0.009366853555733938,-0.0038584493096409656,-0.012082610690131024,-0.20559478559121186,0.21969530619325597,-0.01955602328181818,0.01652743089674302,-0.1806511220660039,-0.23399194311645377,-0.22673095276081467,-0.05585832999431013,0.24584768892145464,-0.17814628132981192,-0.07467202036225087,-0.08073566212551951,-0.1882373574788752,-0.18559135899815826
usdinr_return_1,-0.004220873081848384,-0.06657876441645584,-0.05864174612895708,-0.0381969596033127,-0.01805086458130751,-0.007271153671154057,-0.05325106802696069,-0.07163523303571934,-0.05630447816088812,-0.029171651110173516,-0.0035494604938527993,-0.04593756592559802,-0.056707020528905756,-0.06662747934760235,-0.06295493339242018,-0.0704582277892869,-0.02343311303559301,-0.031487403131100426,0.005908892261740794,-0.0036768084446505956,0.022242827965187232,0.025581754784078783,0.008152211195068943,-0.08980960053287979,-0.061783313341084646,-0.05874635065166088,0.0033686163676401254,-0.014121081265194077,-0.005842270759681952,-0.010788469662144275,-0.13554004839974385,-0.09335483391354835,0.002956851242476082,-0.07717979464406073,-0.08716144394247277,-0.05936050131509508,-0.06517230599567948,-0.006288530092979436,-0.09070563526525988,-0.06977814209920423,-0.06372171225886389,0.009417940126215663,-0.06905449478548017,0.033319135303455316,0.004813849321980951,0.0008930264411963003,0.03217314468709901,1.0,0.39254924178558276,0.20533194271652364,0.004394943506355219,-0.0010991867389870057,-0.0017311377630619324,-0.013460072851547407,-0.005534617363986694,-0.06662747934760235,0.005908892261740794,-0.004220873081848384,-0.009331206393195238,-0.07321667812669366,-0.04593756592559802,-0.029404499475847636,-0.056707020528905756,0.025581754784078783,-0.029493621258941373,-0.06657876441645584,-0.06889703142969537,-0.04787082070092635,-0.0621519636924959
usdinr_return_5,-0.003744330064495854,-0.1314301111949643,-0.12922423658861384,-0.08209459053499905,-0.03500110749524492,-0.013047286945400107,-0.12141528365795631,-0.15585073148395384,-0.11900921088783004,-0.06388100311843826,-0.009670085336918887,-0.11504637022416285,-0.15547077868989978,-0.14195077229881184,-0.1295178743383032,-0.1481908622846359,-0.046970710648939124,-0.07508804951876402,0.0015877460009432757,-0.019450428656787318,0.0403374282005639,0.037867652116631234,-0.006190112691057744,-0.20333777016180188,-0.13147700291968664,-0.11859498120282762,-0.01804297134099304,-0.0322825192660858,-0.01880856190975143,0.0060570959608528974,-0.2616572213927821,-0.20952386525763844,-0.018004273438810392,-0.1739591307802308,-0.18135894247999038,-0.12132704354462197,-0.10580570218717412,-0.003131173298136686,-0.1836881437952846,-0.17541246473833094,-0.1599561734589576,0.007851617617830316,-0.15585925196317785,0.031210872031333044,-0.027330049659772204,-0.03075761314781852,0.03384212965110089,0.39254924178558276,1.0,0.46802557593377164,0.04316371302867304,-0.0068267722531691055,-6.616832282099687e-05,-0.03276142239524959,-0.005638154986183538,-0.14195077229881184,0.0015877460009432757,-0.003744330064495854,-0.002434391750357179,-0.15011732673360784,-0.11504637022416285,-0.07149549478565698,-0.15547077868989978,0.037867652116631234,-0.06891324937333221,-0.1314301111949643,-0.13564877389250893,-0.10457594433631433,-0.12944761280742353
usdinr_return_20,-0.006072687531795175,-0.07207012669984214,-0.23751399300215592,-0.1337152894378186,-0.07462223915092456,-0.027762621533165045,-0.22715976142077052,-0.18131236068286713,-0.2119086651594818,-0.11941096685495363,-0.023955949218378864,-0.22892787713121493,-0.1103247439726424,-0.19855236601139986,-0.11009577391187343,-0.15720370857311167,-0.08715517953118293,-0.14298415495278904,0.05468261165030168,-0.010182104683972073,0.13125990304618232,0.09687767426766858,0.005151192658874517,-0.41191359986514264,-0.20037706804491673,-0.22053757439765342,0.07532077992492149,-0.04620702340922802,-0.032379624585987164,-0.014588863304601898,-0.13621865828052582,-0.4095829389362503,0.07465413812322881,-0.371781397165468,-0.33695012571380584,-0.2221456916096919,-0.18249826374821043,-0.010239928791762545,-0.09402611624199356,-0.3176818242197147,-0.30037181824187303,0.09718708738720236,-0.2796595548663201,0.048946579219689826,-0.021322956345594488,-0.023663260401726158,0.1034341250634591,0.20533194271652364,0.46802557593377164,1.0,0.11646670194513724,-0.0014060120341494598,0.002780749012845627,-0.04475137704544107,-0.008030469001771394,-0.19855236601139986,0.05468261165030168,-0.006072687531795175,0.0039479756809796965,-0.18811387623583806,-0.22892787713121493,-0.20500815659819976,-0.1103247439726424,0.09687767426766858,-0.17453311428029383,-0.07207012669984214,-0.07808022226986266,-0.18042002716668912,-0.17579798434469004
usdinr_volatility,-0.015783107799978643,-0.04105031333622725,-0.11342968391810629,-0.21826083277440234,-0.2720695333450813,-0.3189438985143645,-0.11938419174590564,-0.08269053757390446,-0.16473238312500754,-0.30906629244873396,-0.29070148761179876,-0.168191188080241,0.02552370648851672,-0.139263435676619,-0.07100780361868228,-0.08133261579027687,-0.26370195950913466,-0.27126231983358795,0.20462652908791698,0.20044730883065176,0.060381161943319016,0.23703797448154268,0.05574853323322216,-0.07520896079309904,-0.22348347080171485,-0.3804338674635025,0.2999731955683669,-0.07510994015282538,-0.10477942273811612,-0.007879841181910086,-0.020600232705581624,-0.0696565966311318,0.2994730784247475,-0.12294701051169803,-0.15816929822611162,-0.3790357234722012,-0.2091201832777343,-0.02815859911088862,-0.0579655936562227,-0.13603125041411385,-0.17038219875583854,0.26171947132319373,-0.21436419539981807,0.30634745835409355,-0.016700050387043943,-0.0056894835277150535,0.13533904229422172,0.004394943506355219,0.04316371302867304,0.11646670194513724,1.0,-0.015300463976023245,0.00225313551845898,-0.07405258279034069,-0.0036013362616694414,-0.139263435676619,0.20462652908791698,-0.015783107799978643,0.010977848449203808,-0.1073056076732262,-0.168191188080241,-0.18544437433177424,0.02552370648851672,0.23703797448154268,-0.2345732620484054,-0.04105031333622725,-0.05214740581821615,-0.1687833566532008,-0.127006214281198
stock_vs_nifty_return,0.836314964930593,0.3322773662958403,0.14739620817819724,0.08821711966678492,0.06592334551112726,0.05365403439377212,0.15459417893350275,0.2691118761579394,0.16491341374284788,0.09166912026621268,0.016740690874406196,0.03854164938953674,0.1258711269442302,0.2644131219565538,0.3703209428789085,0.32524056972420984,0.12239198334846181,0.06541585843312786,-0.0064859273744111235,-0.019725108548227722,0.013455768330996508,-0.0516722161585714,0.05638141227914382,-0.013517099789038027,-0.012599132111689535,-0.006597011081258588,0.00352038693688435,0.18301353824451702,0.11434031646205457,-0.0628686564943412,-0.019036071933227348,-0.013458212177796641,0.00352038693688435,-0.01363242738497424,-0.013821630317854975,-0.006597011081258588,-0.008540832198176581,0.19175721542534313,0.0970972129485653,0.03653365120331064,0.037964368398077576,-0.005230345852760757,0.04087505520491459,-0.00916632631149876,0.00399281818606997,0.0021099779478939004,0.006178896318703118,-0.0010991867389870057,-0.0068267722531691055,-0.0014060120341494598,-0.015300463976023245,1.0,0.8107292149034667,0.18609698508844116,0.16398845588578143,0.2644131219565538,-0.0064859273744111235,0.836314964930593,0.178260887991549,0.30306814270147076,0.03854164938953674,0.0006982456989844641,0.1258711269442302,-0.0516722161585714,0.018814036608101724,0.3322773662958403,0.331900838441313,0.15940235151485838,0.2419334973527296
stock_vs_sector_return,0.7104137560614869,0.26614048274900953,0.11825308856639757,0.07014448069959621,0.05276675656541307,0.04133567953059767,0.12270807718277743,0.21728422154776644,0.1307003898957201,0.07181534916099701,0.01143365502425079,0.024593104504580535,0.09738996382749453,0.21106664704294245,0.3012559336593996,0.26258636995746715,0.10028063083824036,0.047541111787810744,-0.002461606378201485,-0.014517986806022318,0.012882658704490348,-0.042027713840089236,0.045239517963133385,-0.014358490626503463,-0.01638380038635013,-0.013133600379948268,0.005817045882562096,0.14867474288687196,0.09469802161028627,-0.015206439854322223,-0.01327480110414119,-0.013357269518988666,0.0058858255278748505,-0.015037182282713127,-0.01652803344751923,-0.013044863622533974,-0.010932734540994358,-0.16162450812569115,-0.06634853661538088,-0.039285317639295284,-0.03881867249999759,0.0020648755369771297,-0.04138373547558707,0.0019916436321016267,0.001723671477087178,0.0016757367388381607,0.009366853555733938,-0.0017311377630619324,-6.616832282099687e-05,0.002780749012845627,0.00225313551845898,0.8107292149034667,1.0,0.15190094187148856,0.19594650896236093,0.21106664704294245,-0.002461606378201485,0.7104137560614869,0.14948160987272158,0.24512651396203303,0.024593104504580535,-0.004973094752745505,0.09738996382749453,-0.042027713840089236,0.011009133350304182,0.26614048274900953,0.26509836659000824,0.12362943693727074,0.19416130167034354
stock_nifty_relative_strength,0.16253369535601508,0.3898261951287876,0.8289001918440304,0.444277878814159,0.3290577861817874,0.24214203632815282,0.8023798412287264,0.7190632737305702,0.7270414137421548,0.4278926407816127,0.12935786141422104,0.7385711358137946,0.4494634023763201,0.7420294597672943,0.5599668241392157,0.6472758230333283,0.4114521724995747,0.3288610031331488,0.1000313212852619,0.033612239514393155,0.11031526619168892,0.029946255176988696,0.1656479333971884,0.039936093337250615,0.030156265034746072,0.03381912369654861,0.002831638265741488,0.9667223293855014,0.5223020857747496,-0.002483546476015484,0.01160275364320935,0.037387678999318025,0.002831638265741488,0.037380117710154946,0.04947826735187107,0.03381912369654861,0.016856515176385197,0.052594549217129284,0.14636805655638305,0.32340066452511457,0.3163844983774912,-0.02267386589885586,0.28594910147723307,-0.0024999816717811395,-0.0002271211820630764,0.000712512805630019,-0.0038584493096409656,-0.013460072851547407,-0.03276142239524959,-0.04475137704544107,-0.07405258279034069,0.18609698508844116,0.15190094187148856,1.0,0.7912381357257251,0.7420294597672943,0.1000313212852619,0.16253369535601508,-0.0016655231744932926,0.730863032129565,0.7385711358137946,0.6237488443986002,0.4494634023763201,0.029946255176988696,0.5338398204823418,0.3898261951287876,0.3960687310102897,0.6255257677261361,0.6687138433250854
stock_sector_relative_strength,0.14185687062607513,0.32098161857954316,0.6478703686589241,0.35273831600972794,0.25868549394173557,0.17985010158109876,0.6235405805056085,0.5667037091765591,0.5657171757905812,0.3316001666829097,0.09643665905521144,0.5699562909115228,0.36094572913131195,0.5796654362449308,0.4540756497365081,0.5028436305731966,0.32576016017863146,0.24504522705609566,0.09575367411533885,0.02445100439839423,0.12085579360360202,0.044183594074148666,0.12045716402204193,0.00885724771608064,0.004750829536912829,-0.001179096177905707,-0.0018045267860005456,0.764917689772452,0.4255616360431737,-0.00493551814455266,0.0021711485278528035,0.009572223872879308,-0.0019749110522107806,0.010404183961692496,0.011253081347416823,-0.0009280792621958223,-0.004972253279958939,-0.03138568717511942,-0.05320611840707159,-0.09965725049739714,-0.09235952248705424,-0.01262964765383464,-0.08044077265650951,0.005667632686904349,0.004446637431377399,0.005269236473253034,-0.012082610690131024,-0.005534617363986694,-0.005638154986183538,-0.008030469001771394,-0.0036013362616694414,0.16398845588578143,0.19594650896236093,0.7912381357257251,1.0,0.5796654362449308,0.09575367411533885,0.14185687062607513,-0.004667034810429287,0.576037217098611,0.5699562909115228,0.48033566492258667,0.36094572913131195,0.044183594074148666,0.41458543824756516,0.32098161857954316,0.3224390518979068,0.47857217886974374,0.5266755086736987
daily_RSI,0.32029910757436836,0.6614868203956262,0.862673742943715,0.5935463925710426,0.41339128991442076,0.2963978868908692,0.8844763828165647,0.9268511600458198,0.9091342607311046,0.5495091567341734,0.17191096770128805,0.8410190591923197,0.5903075825261803,1.0,0.8363948415992665,0.9129825963383251,0.5399527319981131,0.4453304968349077,-0.006564447441559625,0.003590448905952702,-0.03134194061455478,-0.11458343834748938,0.16900362748724668,0.4291702297895636,0.288520260079385,0.26221028360897003,-0.13990359063264116,0.7410363312926206,0.5244917594811892,0.15648916849812913,0.3161883156338614,0.4282838592001258,-0.14025258288714684,0.430430424208115,0.4580510348341683,0.26204189498048736,0.2577342118871228,0.1951040878782887,0.4025700408118079,0.5366478960176366,0.5418831697205923,-0.1332595610535211,0.5606016416821251,-0.08502238795060717,-0.042709262143578196,-0.04187586016038465,-0.20559478559121186,-0.06662747934760235,-0.14195077229881184,-0.19855236601139986,-0.139263435676619,0.2644131219565538,0.21106664704294245,0.7420294597672943,0.5796654362449308,1.0,-0.006564447441559625,0.32029910757436836,0.05032078559658858,0.9646840544556664,0.8410190591923197,0.6887142157056101,0.5903075825261803,-0.11458343834748938,0.6422449545450002,0.6614868203956262,0.6878461329045843,0.8437342104760553,0.8950844463261416
daily_volatility,0.006713384805627872,0.030965575489612627,0.04853916580075395,0.014944548073335472,0.0073430114879515585,-0.02633553349475576,0.000634478503897651,0.044765968204955875,0.030873873252443892,-0.0048487478686324754,0.0031179389873519443,0.026972821588011273,0.055300303739250226,-0.006564447441559625,0.005575839204851855,0.01577497035779807,-0.28770159837772147,0.22348585324253292,1.0,0.7894346187642878,0.5201425787968578,0.859037170976768,0.18518238920010227,-0.054068512191557186,-0.106939344384749,-0.12574858702040606,0.39282298335530347,0.10070753628936947,0.08695802726627175,0.01751712629666739,0.012221960648973556,-0.04873171388505769,0.3930525749428784,-0.10573203333114184,-0.1013750297966814,-0.12582255141091703,-0.16571526315316332,0.018991080956562236,0.02253840045358822,-0.021638334070447848,-0.06450174225839347,0.4836273465312677,-0.04735582006760508,0.34783495802864944,-0.040202891368254196,-0.030835655653054562,0.21969530619325597,0.005908892261740794,0.0015877460009432757,0.05468261165030168,0.20462652908791698,-0.0064859273744111235,-0.002461606378201485,0.1000313212852619,0.09575367411533885,-0.006564447441559625,1.0,0.006713384805627872,-0.03750946985891691,0.03795019205975987,0.026972821588011273,0.016962748876542554,0.055300303739250226,0.859037170976768,0.009618312489052563,0.030965575489612627,0.011864799955149944,-0.024405606999496527,-0.009827402042589901
daily_return,1.0,0.39726791738518485,0.1846832123665819,0.1048931909214413,0.072146305842044,0.051107510383890185,0.19449084976008488,0.3255988920548743,0.20105500388597483,0.10259892731983727,0.00975373415858262,0.05413417011699573,0.1579388252539425,0.32029910757436836,0.4418321670625344,0.3928633762264194,0.12641516460344338,0.09052679841071795,0.006713384805627872,0.004585870538773432,0.0013052164920719469,-0.0481907682387134,0.055117110171159465,0.09346402418078405,0.04582554985307124,0.04838410766228215,0.008485673465619441,0.16093342363442092,0.09699768885170343,0.4174211009821382,0.18986974365803427,0.09464475488040323,0.008185954616500526,0.09376369565555072,0.101507822878072,0.04845191342252052,0.045882929779206306,0.49520110179819526,0.2211384570465223,0.10543063918410708,0.1077250975057363,0.0035241492090241655,0.11207582364576492,-0.030345789832439417,-0.27331788885532693,-0.272303865154939,-0.01955602328181818,-0.004220873081848384,-0.003744330064495854,-0.006072687531795175,-0.015783107799978643,0.836314964930593,0.7104137560614869,0.16253369535601508,0.14185687062607513,0.32029910757436836,0.006713384805627872,1.0,0.16785709867508763,0.36451166793947937,0.05413417011699573,0.007526061488357077,0.1579388252539425,-0.0481907682387134,0.024230001765014327,0.39726791738518485,0.40008675268513666,0.1946282395302412,0.29377020842299634
daily_volume_change,0.16785709867508763,0.13653357303164368,-0.009509360293908694,-0.04071771813075776,-0.03190307176957889,-0.03162480805440506,-0.0037030813090189836,0.07647610558319773,-0.004815667223052241,-0.03191103032758159,-0.03610532090779049,-0.05277830409513885,0.08301584332265201,0.05032078559658858,0.11170250459266526,0.10890698256553466,0.015061626367352417,-0.03805675296545043,-0.03750946985891691,-0.03458147792508395,-0.018315094940160412,-0.024254983473440506,0.4038645092190923,-0.0017726562854057887,-0.03986018674436899,-0.035295364787762726,0.0206529909696974,-0.0061786161417319505,-0.024909558351037083,0.004937710143585867,0.016295452886384374,-0.002004725699269296,0.021130787182196766,-0.004395146661142122,-0.0056179111882240585,-0.034820101725165004,-0.02658177826657073,0.05464819621585884,0.053389461433507646,-0.0002548936246117373,-0.0008313718021305893,0.012924682118193179,-0.007615030995667544,0.03511739573708482,0.025242511627155115,0.025086476192145674,0.01652743089674302,-0.009331206393195238,-0.002434391750357179,0.0039479756809796965,0.010977848449203808,0.178260887991549,0.14948160987272158,-0.0016655231744932926,-0.004667034810429287,0.05032078559658858,-0.03750946985891691,0.16785709867508763,1.0,0.07667436630324488,-0.05277830409513885,-0.0868372055347445,0.08301584332265201,-0.024254983473440506,-0.07413931849197224,0.13653357303164368,0.13311331441535482,-0.004413131185302999,0.046347209883174596
daily_price_vs_EMA,0.36451166793947937,0.735563316678912,0.8381084734550727,0.5089534113649146,0.35056296919898067,0.24704255290497848,0.8276663311970038,0.975131982484561,0.8563164803086043,0.47686062448492106,0.114562201264917,0.7653862052529853,0.6800810850311321,0.9646840544556664,0.8705976299218496,0.9336235567757203,0.46266711408986105,0.4039579377925782,0.03795019205975987,0.043101771375697255,-0.016754795655903824,-0.07831509781242546,0.19491609496703552,0.4131000443757674,0.24629134816526072,0.22572574827569875,-0.09451466343298812,0.7247242486508023,0.455189449767666,0.17904668797657922,0.3500368638250257,0.41525314960480647,-0.09492270908458378,0.4059191773927224,0.4282529931837798,0.22554846072405127,0.22655071651861444,0.2208286962345899,0.44081393864068996,0.519032831704006,0.5125493236920561,-0.08961196914724347,0.5234745119954958,-0.06233453524809652,-0.06155518800549218,-0.05985793574212546,-0.1806511220660039,-0.07321667812669366,-0.15011732673360784,-0.18811387623583806,-0.1073056076732262,0.30306814270147076,0.24512651396203303,0.730863032129565,0.576037217098611,0.9646840544556664,0.03795019205975987,0.36451166793947937,0.07667436630324488,1.0,0.7653862052529853,0.5807076130689928,0.6800810850311321,-0.07831509781242546,0.5315525836153523,0.735563316678912,0.7373835976637423,0.7828176728573205,0.8535961789581095
daily_MACD_norm,0.05413417011699573,0.3027927426153451,0.8724162879493731,0.7208601745818227,0.49726130507773175,0.34935975770976485,0.8502208682642565,0.7069532539891723,0.9603573777585015,0.6380470330101075,0.26472931228389635,1.0,0.2850424420491866,0.8410190591923197,0.5024179895783767,0.6214742085805084,0.5607690672245702,0.527000065803695,0.026972821588011273,0.0435131922815793,-0.03568230169939166,-0.03771739820235211,0.10837620506099313,0.42801549438278946,0.37208834177155176,0.3137459567323514,-0.17181789044519777,0.7505859174346848,0.6234133330633677,0.03872056436317231,0.14407328589947527,0.42014311358661527,-0.17229440166537388,0.4206336156036092,0.4820553223110966,0.3138247478918974,0.2860194680203211,0.04695227397602102,0.19879262151866933,0.5378263851251592,0.5318985471640604,-0.15367509785134031,0.5990477794952871,-0.04549793698502437,0.019679856149119865,0.020769938775718328,-0.23399194311645377,-0.04593756592559802,-0.11504637022416285,-0.22892787713121493,-0.168191188080241,0.03854164938953674,0.024593104504580535,0.7385711358137946,0.5699562909115228,0.8410190591923197,0.026972821588011273,0.05413417011699573,-0.05277830409513885,0.7653862052529853,1.0,0.9482423307188632,0.2850424420491866,-0.03771739820235211,0.8683294085941654,0.3027927426153451,0.3152686125249357,0.8266572026982705,0.7507349327816305
daily_MACD_signal_norm,0.007526061488357077,0.12279501457400593,0.7496793319173805,0.7702287414237664,0.5359381332471096,0.3789355929395629,0.7309245831141242,0.49261030463565775,0.8912017033444396,0.6661641893782874,0.33604484917874783,0.9482423307188632,0.014749183010552417,0.6887142157056101,0.2970325086132233,0.40636656970952706,0.5635426920709528,0.546205250594481,0.016962748876542554,0.037189777517393725,-0.04011007884619865,-0.014818860975042578,0.04551302287555763,0.36908045467389117,0.40573617679700275,0.3316078336403217,-0.18639495191740127,0.6454983556190683,0.658709673833043,0.01314438247363934,0.05370206996978964,0.3557280140511323,-0.18689578876719795,0.3634901238477796,0.4507841872820053,0.3319324133497793,0.2850603672036971,0.015756054604366913,0.08898239275722683,0.4592254548529945,0.4573436538009719,-0.16521998512079653,0.562652450821558,-0.03302230706527603,0.02900275359230482,0.02868904528934433,-0.22673095276081467,-0.029404499475847636,-0.07149549478565698,-0.20500815659819976,-0.18544437433177424,0.0006982456989844641,-0.004973094752745505,0.6237488443986002,0.48033566492258667,0.6887142157056101,0.016962748876542554,0.007526061488357077,-0.0868372055347445,0.5807076130689928,0.9482423307188632,1.0,0.014749183010552417,-0.014818860975042578,0.9409512064592734,0.12279501457400593,0.13430219503689936,0.7694022834265379,0.6187767954925606
daily_MACD_hist_norm,0.1579388252539425,0.6386418329692662,0.48635941609619493,-0.021972378454634362,-0.024881102839331603,-0.02610323415800293,0.4945807794318384,0.7889463897818035,0.3281073013720892,0.02743445440177286,-0.17334810549899535,0.2850424420491866,1.0,0.5903075825261803,0.745867418409496,0.7626974046714666,0.08367218496574855,0.041980628410339095,0.055300303739250226,0.04241415570774003,0.018266247901657626,-0.06011019864717864,0.21249732939622762,0.25543599116206867,-0.03671188234401023,0.00014055226875534183,0.02683381901244346,0.4200029585579313,-0.003800781330045102,0.08427386121474334,0.3210175049999264,0.27176810206639107,0.02688427882631995,0.24908581322077106,0.16849018642431363,-0.0005389470596426015,0.04340273854485113,0.10727367909093204,0.39376824683259026,0.33093771393254856,0.3236839493241383,0.017389688520642953,0.2031136563793229,-0.0364091819614719,-0.03383693643687299,-0.02836496225734027,-0.05585832999431013,-0.056707020528905756,-0.15547077868989978,-0.1103247439726424,0.02552370648851672,0.1258711269442302,0.09738996382749453,0.4494634023763201,0.36094572913131195,0.5903075825261803,0.055300303739250226,0.1579388252539425,0.08301584332265201,0.6800810850311321,0.2850424420491866,0.014749183010552417,1.0,-0.06011019864717864,-0.054181308114599334,0.6386418329692662,0.6371922438187568,0.31234252558270376,0.5366910595939477
daily_ATR_pct,-0.0481907682387134,-0.07430434809697473,-0.04480085467594472,-0.013606224147012807,-0.010961876168409292,-0.038948908939753016,-0.08982013639205629,-0.07702663132801135,-0.04690929015951329,-0.03522600095296543,0.011864248876968207,-0.03771739820235211,-0.06011019864717864,-0.11458343834748938,-0.11734926481817462,-0.10737885883942556,-0.3314538018583271,0.20379188495586953,0.859037170976768,0.7609902381974233,0.34683292249876735,1.0,0.18661318951259967,-0.12182793081038151,-0.12578352626932773,-0.15424862677409124,0.396015308298768,0.033301144286577024,0.06317721741235742,-0.008938559956285707,-0.053827047235090436,-0.12216995621748727,0.39644252971352073,-0.17871120254196302,-0.15836247772897663,-0.15444294543263756,-0.19577135473752466,-0.01374878374546081,-0.05160873673061836,-0.10128686973846622,-0.14472647569975305,0.47769138974814096,-0.10983784034769734,0.3759112225583845,-0.029305074180390526,-0.020300138370736544,0.24584768892145464,0.025581754784078783,0.037867652116631234,0.09687767426766858,0.23703797448154268,-0.0516722161585714,-0.042027713840089236,0.029946255176988696,0.044183594074148666,-0.11458343834748938,0.859037170976768,-0.0481907682387134,-0.024254983473440506,-0.07831509781242546,-0.03771739820235211,-0.014818860975042578,-0.06011019864717864,1.0,-0.014902936171732453,-0.07430434809697473,-0.09343939416412468,-0.09216072850722758,-0.11054155514547429
daily_EMA_fast_vs_slow,0.024230001765014327,0.14568863858625378,0.6330368424391533,0.897297791990253,0.7014897103559026,0.5012081013797659,0.6190306458901071,0.43454153807107665,0.8340948438570304,0.8177225300634847,0.5444255564255395,0.8683294085941654,-0.054181308114599334,0.6422449545450002,0.2823493037198909,0.3661678516971551,0.6693877397282968,0.6575584608415769,0.009618312489052563,0.02508835149560282,-0.023792964380783415,-0.014902936171732453,0.012209483536222636,0.29485624609596334,0.45657994200566226,0.4114377193172924,-0.17645591281053305,0.553743710135598,0.7699993202762467,0.012298125504547954,0.05253303954906316,0.28249432874825914,-0.17688194686364453,0.29448545327823616,0.4052436551334016,0.41177548317934637,0.326423095236688,0.019565264804643843,0.09142485900877832,0.37666454462067933,0.3806986249657546,-0.16088936640034393,0.5164206155022371,-0.041389989485700655,0.027207307118713758,0.025349665810362545,-0.17814628132981192,-0.029493621258941373,-0.06891324937333221,-0.17453311428029383,-0.2345732620484054,0.018814036608101724,0.011009133350304182,0.5338398204823418,0.41458543824756516,0.6422449545450002,0.009618312489052563,0.024230001765014327,-0.07413931849197224,0.5315525836153523,0.8683294085941654,0.9409512064592734,-0.054181308114599334,-0.014902936171732453,1.0,0.14568863858625378,0.15603188837454446,0.7763481782814494,0.5798407065049901
daily_momentum,0.39726791738518485,1.0,0.43776596224761516,0.23040590961258417,0.16312204680034978,0.11551510944978781,0.4493537347985984,0.71464631815946,0.46202529709287266,0.2322696914800617,0.019910145284408914,0.3027927426153451,0.6386418329692662,0.6614868203956262,0.761041324235038,0.7628557857577369,0.25220795196370466,0.20402233148451016,0.030965575489612627,0.02830349976139271,0.006464194529101723,-0.07430434809697473,0.19623293821279,0.22644466822352952,0.10549581248378992,0.11449712509649135,-0.009831533019627354,0.3806473703535082,0.2116010976633414,0.1859576007845047,0.46360484562029997,0.22874427468458078,-0.010179413727391892,0.22467972279352594,0.2395709308749327,0.11417996957643488,0.11245715407549245,0.24056611874072598,0.5625042961388317,0.27294774734540284,0.27529147559225176,-0.014777674905971627,0.27930509778355495,-0.053597535048506534,-0.07189077187611467,-0.0734593687971322,-0.07467202036225087,-0.06657876441645584,-0.1314301111949643,-0.07207012669984214,-0.04105031333622725,0.3322773662958403,0.26614048274900953,0.3898261951287876,0.32098161857954316,0.6614868203956262,0.030965575489612627,0.39726791738518485,0.13653357303164368,0.735563316678912,0.3027927426153451,0.12279501457400593,0.6386418329692662,-0.07430434809697473,0.14568863858625378,1.0,0.9750631835034972,0.44107198054619656,0.6047305588595624
daily_momentum_z,0.40008675268513666,0.9750631835034972,0.4507984753141574,0.2377619708356963,0.16765007990670203,0.12142754572637018,0.4777663346406541,0.7161108745715746,0.4727907569159604,0.2393728519265338,0.022204397258531662,0.3152686125249357,0.6371922438187568,0.6878461329045843,0.7830753611988529,0.7917635651570478,0.26586520355517157,0.20225704128950667,0.011864799955149944,0.011337966800570287,-0.0019448741515897372,-0.09343939416412468,0.1924804201721227,0.23589465177897442,0.10895810762371569,0.11941790883306307,-0.021423619491524593,0.3868108886798585,0.21492270161041804,0.1888070337943002,0.46044327538162205,0.23751703318586273,-0.021754578428415137,0.23593870359181277,0.24642512899084865,0.11913168039522254,0.11836755459522175,0.24134377873205304,0.557068871539985,0.2831225090241712,0.2898131311053677,-0.028078599629358974,0.2884939978264848,-0.06822408586108827,-0.07001223080697813,-0.0713078646236465,-0.08073566212551951,-0.06889703142969537,-0.13564877389250893,-0.07808022226986266,-0.05214740581821615,0.331900838441313,0.26509836659000824,0.3960687310102897,0.3224390518979068,0.6878461329045843,0.011864799955149944,0.40008675268513666,0.13311331441535482,0.7373835976637423,0.3152686125249357,0.13430219503689936,0.6371922438187568,-0.09343939416412468,0.15603188837454446,0.9750631835034972,1.0,0.46161778098861905,0.6279052010576127
daily_trend_direction,0.1946282395302412,0.44107198054619656,0.74088616164168,0.7011518682320582,0.5158199690507399,0.3657987140554445,0.7550963761114915,0.7189023366342043,0.8565367685585199,0.6421652238068091,0.3168449702436576,0.8266572026982705,0.31234252558270376,0.8437342104760553,0.6163256918270852,0.6971400723209308,0.5985095891022919,0.512539744983945,-0.024405606999496527,-0.007919071169764239,-0.03800848031321437,-0.09216072850722758,0.0889973187092838,0.3625208377729654,0.3392500854067803,0.3070899692738185,-0.1540911931556647,0.63218979911152,0.6051470050664083,0.09824981023857995,0.20484000640301336,0.3579759528417804,-0.1545041995533355,0.3651883628134442,0.42055155616431567,0.30724742237925895,0.27656997936987915,0.12283534810281342,0.26829973591598705,0.45570082556395974,0.46337560740698397,-0.15010937863719603,0.5267123064414745,-0.07045247815983713,-0.01770802564920346,-0.01807179768744766,-0.1882373574788752,-0.04787082070092635,-0.10457594433631433,-0.18042002716668912,-0.1687833566532008,0.15940235151485838,0.12362943693727074,0.6255257677261361,0.47857217886974374,0.8437342104760553,-0.024405606999496527,0.1946282395302412,-0.004413131185302999,0.7828176728573205,0.8266572026982705,0.7694022834265379,0.31234252558270376,-0.09216072850722758,0.7763481782814494,0.44107198054619656,0.46161778098861905,1.0,0.6942228073153621
daily_rsi_regime,0.29377020842299634,0.6047305588595624,0.77079862309189,0.5392038644511086,0.3788804115803431,0.2734779005878417,0.7946568115223749,0.8249447910000837,0.8090800467968015,0.5004993610814332,0.15891224480327767,0.7507349327816305,0.5366910595939477,0.8950844463261416,0.7447146465907025,0.8062119088679729,0.49221607487622426,0.4053032205032467,-0.009827402042589901,-0.00033707447388393874,-0.029842402501803304,-0.11054155514547429,0.15022201045046032,0.3840119756189494,0.2615255232520837,0.23963570569693193,-0.12671968325355096,0.6674340756212667,0.4782230747246943,0.1436464767821042,0.2890521580172158,0.3829021492966249,-0.12704226098655813,0.38541145295613,0.4117056034590363,0.2394260155862404,0.23176580998416876,0.1792158915181207,0.3692685195010138,0.48065517633409377,0.4860863293135849,-0.12181152190355718,0.5036714678519488,-0.0787959896916296,-0.04085001758820383,-0.040166207021710545,-0.18559135899815826,-0.0621519636924959,-0.12944761280742353,-0.17579798434469004,-0.127006214281198,0.2419334973527296,0.19416130167034354,0.6687138433250854,0.5266755086736987,0.8950844463261416,-0.009827402042589901,0.29377020842299634,0.046347209883174596,0.8535961789581095,0.7507349327816305,0.6187767954925606,0.5366910595939477,-0.11054155514547429,0.5798407065049901,0.6047305588595624,0.6279052010576127,0.6942228073153621,1.0
