feature,correlation_score,mutual_information,model_importance_gain,model_importance_split,permutation_importance,permutation_positive_folds,shap_importance,shap_mean_signed,votes,selected,removal_reason
usdinr_volatility,0.012054728469093334,0.1189412593251129,0.13936506604711818,0.11616071428571428,-0.007088879435626126,0.5,0.20329347036427048,0.11774446887694207,3.0,True,
Mkt_SMA200_Ratio,-0.021737499126383363,0.11605469697703508,0.15862700056686574,0.12107142857142857,0.018388889384286143,0.75,0.1836266142166025,-0.025489462183495668,4.0,True,
india_vix,0.042591766080691464,0.07072982168195163,0.1135661558891901,0.08017857142857143,0.0050349215860364714,0.75,0.13506273387334952,-0.03525266764078956,4.0,True,
Mkt_Vol_20,0.01799444616223058,0.11787542536090378,0.10648848654993423,0.09991071428571428,0.009271364609605367,0.5,0.10407122309986132,0.009997454894731323,4.0,True,
nifty_trend_direction,-0.043897439532771726,0.0017632801246247887,0.017626426867819157,0.017767857142857144,0.005472197794531508,0.75,0.07793511356007762,0.012096079165454004,3.0,True,
Mkt_Ret_63,-0.007477915301834779,0.11973958598901246,0.08100353744625796,0.06928571428571428,0.0031716207936140265,1.0,0.05431643280340722,-0.02895874333753741,4.0,True,
SMA50_200_Ratio,0.024983428359230328,0.0006893870894886245,0.014831419069284082,0.020892857142857144,-0.004211777399197892,0.5,0.05299488282315046,0.00980833647564271,2.0,True,
usdinr_return_20,-0.014420450571738736,0.11738541373504208,0.03085629626732935,0.03696428571428571,0.0007217798681538926,0.25,0.019602171868785705,0.0022990134939597055,4.0,True,
Vol_60,0.011368978265443395,0.00268349027324688,0.0054005658122805375,0.015803571428571427,-0.0001580819788956911,0.5,0.018572919955878956,0.003874462060979641,3.0,True,
usdinr_return_5,-0.011862455361783231,0.11663809254589808,0.0077230581251210165,0.01375,-0.0025122391766907353,0.5,0.018187081775983584,-0.004889141758485537,3.0,True,
nifty_return_20,0.03453748636002757,0.11668906390194311,0.014429388059620404,0.014732142857142857,-0.0013916011381799737,0.5,0.017654237123713952,-0.005513644936594767,3.0,True,
nifty_return_5,0.02809151807556514,0.11728777661546541,0.013230292045840003,0.018839285714285715,0.0007167754564222917,0.75,0.016031182336896856,0.001516664942817376,4.0,True,
MACD_Hist_Ratio,0.025983893477896727,0.0,0.007697456427785476,0.016339285714285716,8.707395237158208e-05,0.75,0.01197858792383693,0.005650973016929094,3.0,True,
sector_volatility,0.01679866444828435,0.03361574885365726,0.005480943493582903,0.013571428571428571,-0.0002948658496358299,0.5,0.008649293628551708,0.002225107072675797,3.0,True,
Rel_Ret_21,-0.005855952219472382,0.0037488522997741747,0.0015069773198612768,0.004285714285714286,-7.868326920415966e-05,0.5,0.00705205992983435,-3.8371103401085006e-05,2.0,True,
Ret_126,0.01844436846849215,0.0,0.0024545523423508578,0.007857142857142858,0.00021162218960998438,0.75,0.006787072338429027,-0.002672823690441541,3.0,True,
Rel_Ret_63,0.023461517664282682,0.0016522830965977064,0.001574449903880476,0.0045535714285714285,7.569233242739337e-05,0.5,0.006307285684312692,-0.0006438043362418701,2.0,True,
Volatility,0.009566399833994018,0.0,0.0022933527864519537,0.0066071428571428574,-0.00036993457465772655,0.5,0.006056519676147561,0.0003345080233554702,2.0,True,
ATR_Ratio,0.013666335099185705,0.0,0.0018794781435924272,0.00625,0.00013716977218665438,0.5,0.005865597227058711,0.0004222111553025547,3.0,True,
High252_Dist,0.010803996781779474,0.002997861024125692,0.006012922091398239,0.011964285714285714,3.7231234959434846e-05,0.5,0.005693349138803923,0.00346475906334169,4.0,True,
nifty_return_1,0.032265215402124646,0.11839073040410808,0.0015774148304024084,0.003125,0.00025575344558738855,1.0,0.004033190728330145,-0.00044414715145964337,3.0,True,
sector_return_5,0.03260295266738769,0.03134102091075741,0.0007192986284835862,0.002589285714285714,0.00014012538374714073,0.75,0.003831473034775451,0.00014086601587069104,2.0,True,
usdinr_return_1,-0.008943747887493032,0.11866784179535328,0.0006442996874631542,0.002232142857142857,9.223236215929117e-07,0.5,0.0009662495334562617,0.0006216352785962777,2.0,True,
stock_vs_nifty_return,-0.0026026780590019992,0.003217705735250931,0.0,0.0,0.0,0.0,0.0,0.0,2.0,True,
india_vix_volatility,-0.01995513602626706,0.11633695100855368,0.08643508420682922,0.08053571428571428,-0.023414317848373955,0.25,0.1308521351542666,-0.03860080949799455,3.0,False,permutation importance negative out-of-sample
nifty_sma_ratio,0.01715827951093268,0.11752471550151555,0.08031784587107607,0.05142857142857143,-0.002018014519197068,0.25,0.06538902555940507,-0.0018977638751520808,3.0,False,permutation importance negative out-of-sample
daily_MACD_signal_norm,-0.007234293676755823,0.0003373011160061612,0.009256708364806786,0.016160714285714285,-0.0019086281200426936,0.25,0.03882550133055926,-0.002420292491681593,2.0,False,permutation importance negative out-of-sample
Low252_Dist,0.03699809379467118,0.006451754835022472,0.009345009189166757,0.02,-0.00044278188834559023,0.25,0.03684355092360243,0.0007066812035624907,3.0,False,permutation importance negative out-of-sample
Mkt_Ret_21,0.033381096197650326,0.11715595967468762,0.02578954855801418,0.02419642857142857,-0.0033795422500680723,0.25,0.027341443984915413,-0.010725636893180901,3.0,False,permutation importance negative out-of-sample
nifty_momentum,0.022031443696000727,0.11600637282284687,0.022341736445237122,0.024464285714285713,-0.006019046174136873,0.0,0.024426263148349062,-0.004461103478694798,3.0,False,permutation importance negative out-of-sample
Ret_252,0.007480473390253865,0.0012697318525749512,0.008075300359808387,0.019553571428571427,-0.00056537605481904,0.25,0.015918154696487132,0.0054485594050983025,2.0,False,permutation importance negative out-of-sample
sector_sma_ratio,0.013405223832659092,0.03378058233116099,0.006698546015691262,0.014375,-0.0003694387657566152,0.25,0.014281381520550415,0.0012513444681804921,3.0,False,permutation importance negative out-of-sample
sector_return_20,0.023252141903965226,0.031423710300032104,0.0038159508503034815,0.01017857142857143,-0.0008440855617290327,0.25,0.010517245155981843,0.0018204880897729565,3.0,False,permutation importance negative out-of-sample
daily_EMA_fast_vs_slow,0.002265468320201372,0.0,0.0017956669993386474,0.0038392857142857144,-0.00018556747184585162,0.25,0.006047256717102211,-0.001254068027485515,2.0,False,permutation importance negative out-of-sample
Vol_Ratio,-0.004465590961367215,0.0,0.002413402580322196,0.004642857142857143,-0.00046164145867774265,0.25,0.005156171519466024,-0.00048154230077529465,1.0,False,permutation importance negative out-of-sample
sector_momentum,0.023677939518459125,0.03364686528640104,0.001453569293997006,0.003660714285714286,-0.0010999794680061625,0.25,0.004519722033902254,-0.001132906939494144,1.0,False,permutation importance negative out-of-sample
SMA50_Ratio,0.0021424826697638787,0.0,0.0005329279182163468,0.0017857142857142857,4.7294704234428664e-05,0.25,0.003618772732920567,0.00020529109272335525,1.0,False,low agreement between selection methods
Ret_21,0.004530892181058736,0.0,0.0005594410701589292,0.0011607142857142858,3.687068018662827e-05,0.25,0.0031891217166131096,0.00015061081965657116,1.0,False,low agreement between selection methods
stock_vs_sector_return,-0.009313066613702167,0.0,0.0002352231337496947,0.0015178571428571428,7.38442301395174e-06,0.5,0.0027459996856191706,9.213333686169744e-05,1.0,False,low agreement between selection methods
Ret_63,0.0152518629492027,0.0,0.0009113568843926647,0.0026785714285714286,0.00020492859848908476,1.0,0.0025662396432432877,-0.0003413218860546342,1.0,False,low agreement between selection methods
stock_sector_relative_strength,-0.01032871495863357,0.0018626694180636783,0.0005330093510166997,0.0024107142857142856,9.611976373359125e-05,0.25,0.002422393135606178,0.00010453979039566104,1.0,False,low agreement between selection methods
india_vix_return,-0.007180683908036609,0.11329807329135577,0.000986363053945779,0.0030357142857142857,-6.347289088459254e-05,0.5,0.0022148778705505844,0.0002857281954174467,1.0,False,low agreement between selection methods
india_vix_change,-0.009807432619144688,0.045013832129339404,0.0007384647793850628,0.002232142857142857,-2.5870322362842035e-05,0.75,0.0019499577639423187,0.0002878031285431401,1.0,False,low agreement between selection methods
stock_nifty_relative_strength,-0.003928756700462005,0.0016739254658868497,0.0003831716128135046,0.0011607142857142858,-7.707499792211635e-05,0.25,0.001411630044791049,-4.0942562920241394e-05,0.0,False,permutation importance negative out-of-sample
SMA200_Ratio,0.022003300811448728,0.0026632063783287308,0.0007022741095556913,0.0014285714285714286,-0.00013032064534590032,0.0,0.0009809810325218523,0.0002069967430208943,0.0,False,permutation importance negative out-of-sample
MACD_Ratio,0.0011183238198938605,0.003460095246140993,0.00040120142803852195,0.0008928571428571428,-0.00011393787141679897,0.0,0.0009043787254571602,-0.00014806569913791674,1.0,False,permutation importance negative out-of-sample
Ret21_Z,0.006440304289171556,0.00018008217966181128,8.429394820426528e-05,0.0004464285714285714,6.284475892525307e-05,0.5,0.0008349677531914314,4.2760399688335804e-05,1.0,False,low agreement between selection methods
SMA20_Ratio,0.019053800186673967,0.0041272763075870245,0.0005344590450339379,0.0016071428571428571,-4.6122639576438445e-06,0.75,0.0008158947355506392,-0.00018109357672029837,1.0,False,low agreement between selection methods
sector_return_1,0.02931627214921016,0.031769073314275253,4.998838555288029e-05,0.00017857142857142857,-1.827785727812059e-05,0.0,0.0004901035481384042,-5.310328002598685e-05,1.0,False,permutation importance negative out-of-sample
BB_PctB,0.02164601635365437,0.0,0.00034671358048058196,0.0007142857142857143,-7.711402264169259e-06,0.75,0.00040236807510640965,-6.059491833824133e-05,0.0,False,low agreement between selection methods
RSI,0.015882152596751235,0.002112977359154833,0.00014078077680622619,0.0004464285714285714,-3.7576592037569245e-05,0.25,0.0003979735017998469,4.7801273001381584e-05,0.0,False,permutation importance negative out-of-sample
daily_price_vs_EMA,0.015591383707285512,0.00040756624015259035,4.120471031236926e-05,0.00017857142857142857,-4.4968848673850505e-06,0.0,0.00022430436212422133,-2.7528217255957505e-05,0.0,False,permutation importance negative out-of-sample
Volume_Ratio,0.01021152012144103,0.0,3.398522093240733e-05,0.00017857142857142857,4.9669486320106735e-06,0.5,9.470532665913263e-05,-1.0325265798764028e-05,1.0,False,low agreement between selection methods
Stoch_K,0.02209998201706082,0.0012737558163100626,5.793385489980182e-05,0.00017857142857142857,0.0,0.0,8.27872666605123e-05,-1.0818176235443292e-05,1.0,False,low agreement between selection methods
Ret_1,0.009789814193823056,0.0009428849476151857,0.0,0.0,0.0,0.0,0.0,0.0,1.0,False,low agreement between selection methods
Ret_5,0.015766047441070054,0.001567387737071435,0.0,0.0,0.0,0.0,0.0,0.0,1.0,False,low agreement between selection methods
daily_volume_change,0.02041030623449365,0.0,0.0,0.0,0.0,0.0,0.0,0.0,1.0,False,low agreement between selection methods
daily_momentum_z,0.01706735056385323,0.0004950915465378181,0.0,0.0,0.0,0.0,0.0,0.0,1.0,False,low agreement between selection methods
daily_trend_direction,0.011614337807310237,0.0,0.0,0.0,0.0,0.0,0.0,0.0,1.0,False,low agreement between selection methods
daily_rsi_regime,0.008680989474198863,0.0,0.0,0.0,0.0,0.0,0.0,0.0,1.0,False,low agreement between selection methods
nifty_volatility_20,0.018131629411625567,,,,,,,,,False,duplicate of Mkt_Vol_20 (|rho|>=0.999)
nifty_sma200_ratio,-0.022559632567522993,,,,,,,,,False,duplicate of Mkt_SMA200_Ratio (|rho|>=0.999)
daily_RSI,0.015882152596751235,,,,,,,,,False,duplicate of RSI (|rho|>=0.999)
daily_volatility,0.009566399833994018,,,,,,,,,False,duplicate of Volatility (|rho|>=0.999)
daily_return,0.009789814193823056,,,,,,,,,False,duplicate of Ret_1 (|rho|>=0.999)
daily_MACD_norm,0.0011183238198938605,,,,,,,,,False,duplicate of MACD_Ratio (|rho|>=0.999)
daily_MACD_hist_norm,0.025983893477896727,,,,,,,,,False,duplicate of MACD_Hist_Ratio (|rho|>=0.999)
daily_ATR_pct,0.013666335099185705,,,,,,,,,False,duplicate of ATR_Ratio (|rho|>=0.999)
daily_momentum,0.015766047441070054,,,,,,,,,False,duplicate of Ret_5 (|rho|>=0.999)
1h_RSI,,,,,,,,,,False,only 20% of training rows have a value
1h_volatility,,,,,,,,,,False,only 20% of training rows have a value
1h_return,,,,,,,,,,False,only 20% of training rows have a value
1h_volume_change,,,,,,,,,,False,only 20% of training rows have a value
1h_price_vs_EMA,,,,,,,,,,False,only 20% of training rows have a value
1h_MACD_norm,,,,,,,,,,False,only 20% of training rows have a value
1h_MACD_signal_norm,,,,,,,,,,False,only 20% of training rows have a value
1h_MACD_hist_norm,,,,,,,,,,False,only 20% of training rows have a value
1h_ATR_pct,,,,,,,,,,False,only 20% of training rows have a value
1h_EMA_fast_vs_slow,,,,,,,,,,False,only 20% of training rows have a value
1h_momentum,,,,,,,,,,False,only 20% of training rows have a value
1h_momentum_z,,,,,,,,,,False,only 20% of training rows have a value
1h_trend_direction,,,,,,,,,,False,only 20% of training rows have a value
1h_rsi_regime,,,,,,,,,,False,only 20% of training rows have a value
1h_vs_daily_momentum,,,,,,,,,,False,only 20% of training rows have a value
5m_RSI,,,,,,,,,,False,only 0% of training rows have a value
5m_volatility,,,,,,,,,,False,only 0% of training rows have a value
5m_return,,,,,,,,,,False,only 0% of training rows have a value
5m_volume_change,,,,,,,,,,False,only 0% of training rows have a value
5m_price_vs_EMA,,,,,,,,,,False,only 0% of training rows have a value
5m_MACD_norm,,,,,,,,,,False,only 0% of training rows have a value
5m_MACD_signal_norm,,,,,,,,,,False,only 0% of training rows have a value
5m_MACD_hist_norm,,,,,,,,,,False,only 0% of training rows have a value
5m_ATR_pct,,,,,,,,,,False,only 0% of training rows have a value
5m_EMA_fast_vs_slow,,,,,,,,,,False,only 0% of training rows have a value
5m_momentum,,,,,,,,,,False,only 0% of training rows have a value
5m_momentum_z,,,,,,,,,,False,only 0% of training rows have a value
5m_trend_direction,,,,,,,,,,False,only 0% of training rows have a value
5m_rsi_regime,,,,,,,,,,False,only 0% of training rows have a value
15m_RSI,,,,,,,,,,False,only 0% of training rows have a value
15m_volatility,,,,,,,,,,False,only 0% of training rows have a value
15m_return,,,,,,,,,,False,only 0% of training rows have a value
15m_volume_change,,,,,,,,,,False,only 0% of training rows have a value
15m_price_vs_EMA,,,,,,,,,,False,only 0% of training rows have a value
15m_MACD_norm,,,,,,,,,,False,only 0% of training rows have a value
15m_MACD_signal_norm,,,,,,,,,,False,only 0% of training rows have a value
15m_MACD_hist_norm,,,,,,,,,,False,only 0% of training rows have a value
15m_ATR_pct,,,,,,,,,,False,only 0% of training rows have a value
15m_EMA_fast_vs_slow,,,,,,,,,,False,only 0% of training rows have a value
15m_momentum,,,,,,,,,,False,only 0% of training rows have a value
15m_momentum_z,,,,,,,,,,False,only 0% of training rows have a value
15m_trend_direction,,,,,,,,,,False,only 0% of training rows have a value
15m_rsi_regime,,,,,,,,,,False,only 0% of training rows have a value
5m_vs_15m_momentum,,,,,,,,,,False,only 0% of training rows have a value
15m_vs_1h_momentum,,,,,,,,,,False,only 0% of training rows have a value
